==============================================================================================================
[System] device=cpu | FAST Complex | seeds=[42, 43, 44, 45, 46] | P_LIST=[10, 20, 30, 40, 50, 60, 70, 80, 90, 100, 110, 120, 130, 140, 150, 200, 300, 400, 500, 600] | MAX_P=600
[Ablation] norms=['raw', 'log1p', 'zscore'] | RUN_TRANSFORMER=True
[Cache] dir=fast_cache_theta | USE_DISK_CACHE=True
==============================================================================================================
[Catalog] loading cached ID catalog...
  ID forms = 36137
[Catalog] loading cached OOD catalog...
  OOD forms = 66583

[Theta] computing safe global bound B ...
  B_id=28, B_ood=25 -> using B=28 (grid size=57x57)
[theta] loading cached fast_cache_theta/id_theta_MAXP600.npy
[theta] loading cached fast_cache_theta/ood_theta_MAXP600.npy

##############################################################################################################
[SEED RUN] seed=42
##############################################################################################################

[1/5] form-disjoint split (ID)...
[form split] success try=1: ge2 groups train=4301, test=2426

[2/5] sampling Complex pairs...
  train pairs: same=10000, diff=10000
  ID-test pairs: same=5000, diff=5000
  OOD pairs: same=5000, diff=5000

[3/5] fitting z-score from TRAIN only...

[4/5] train/eval (P x norm x models) ...

====================================================================================================
[seed=42] P=10
====================================================================================================
----------------------------------------------------------------------------------------------------
[norm=raw] building datasets (vectorized) ...
[norm=raw] Transformer: building seq tensors ...
   Training Transformer (max_epochs=15, early_stop) ...
    ep 01/15 | train_loss=0.6775 | val_loss=0.6424
    ep 03/15 | train_loss=0.6277 | val_loss=0.6156
    ep 06/15 | train_loss=0.6205 | val_loss=0.6098
    ep 09/15 | train_loss=0.6188 | val_loss=0.6071
    ep 12/15 | train_loss=0.6191 | val_loss=0.6081
    early stop at ep=12 (best_val=0.6071)
----------------------------------------------------------------------------------------------------
[norm=log1p] building datasets (vectorized) ...
[norm=log1p] Transformer: building seq tensors ...
   Training Transformer (max_epochs=15, early_stop) ...
    ep 01/15 | train_loss=0.6915 | val_loss=0.6835
    ep 03/15 | train_loss=0.6396 | val_loss=0.6229
    ep 06/15 | train_loss=0.6243 | val_loss=0.6162
    ep 09/15 | train_loss=0.6204 | val_loss=0.6128
    ep 12/15 | train_loss=0.6184 | val_loss=0.6107
    ep 15/15 | train_loss=0.6154 | val_loss=0.6055
----------------------------------------------------------------------------------------------------
[norm=zscore] building datasets (vectorized) ...
[norm=zscore] Transformer: building seq tensors ...
   Training Transformer (max_epochs=15, early_stop) ...
    ep 01/15 | train_loss=0.6601 | val_loss=0.6302
    ep 03/15 | train_loss=0.6281 | val_loss=0.6129
    ep 06/15 | train_loss=0.6209 | val_loss=0.6101
    ep 09/15 | train_loss=0.6184 | val_loss=0.6066
    early stop at ep=11 (best_val=0.6062)

====================================================================================================
[seed=42] P=20
====================================================================================================
----------------------------------------------------------------------------------------------------
[norm=raw] building datasets (vectorized) ...
[norm=raw] Transformer: building seq tensors ...
   Training Transformer (max_epochs=15, early_stop) ...
    ep 01/15 | train_loss=0.6486 | val_loss=0.5937
    ep 03/15 | train_loss=0.5877 | val_loss=0.5655
    ep 06/15 | train_loss=0.5617 | val_loss=0.5435
    ep 09/15 | train_loss=0.5549 | val_loss=0.5313
    ep 12/15 | train_loss=0.5500 | val_loss=0.5266
    ep 15/15 | train_loss=0.5453 | val_loss=0.5276
    early stop at ep=15 (best_val=0.5266)
----------------------------------------------------------------------------------------------------
[norm=log1p] building datasets (vectorized) ...
[norm=log1p] Transformer: building seq tensors ...
   Training Transformer (max_epochs=15, early_stop) ...
    ep 01/15 | train_loss=0.6892 | val_loss=0.6410
    ep 03/15 | train_loss=0.6031 | val_loss=0.5786
    ep 06/15 | train_loss=0.5755 | val_loss=0.5576
    ep 09/15 | train_loss=0.5621 | val_loss=0.5421
    ep 12/15 | train_loss=0.5525 | val_loss=0.5335
    early stop at ep=13 (best_val=0.5315)
----------------------------------------------------------------------------------------------------
[norm=zscore] building datasets (vectorized) ...
[norm=zscore] Transformer: building seq tensors ...
   Training Transformer (max_epochs=15, early_stop) ...
    ep 01/15 | train_loss=0.6398 | val_loss=0.5899
    ep 03/15 | train_loss=0.5832 | val_loss=0.5661
    ep 06/15 | train_loss=0.5626 | val_loss=0.5648
    early stop at ep=8 (best_val=0.5412)

====================================================================================================
[seed=42] P=30
====================================================================================================
----------------------------------------------------------------------------------------------------
[norm=raw] building datasets (vectorized) ...
[norm=raw] Transformer: building seq tensors ...
   Training Transformer (max_epochs=15, early_stop) ...
    ep 01/15 | train_loss=0.6101 | val_loss=0.5389
    ep 03/15 | train_loss=0.5478 | val_loss=0.5200
    ep 06/15 | train_loss=0.5292 | val_loss=0.5174
    ep 09/15 | train_loss=0.5231 | val_loss=0.5099
    early stop at ep=10 (best_val=0.5037)
----------------------------------------------------------------------------------------------------
[norm=log1p] building datasets (vectorized) ...
[norm=log1p] Transformer: building seq tensors ...
   Training Transformer (max_epochs=15, early_stop) ...
    ep 01/15 | train_loss=0.6603 | val_loss=0.5562
    ep 03/15 | train_loss=0.5492 | val_loss=0.5257
    ep 06/15 | train_loss=0.5324 | val_loss=0.5149
    ep 09/15 | train_loss=0.5235 | val_loss=0.5107
    early stop at ep=11 (best_val=0.5061)
----------------------------------------------------------------------------------------------------
[norm=zscore] building datasets (vectorized) ...
[norm=zscore] Transformer: building seq tensors ...
   Training Transformer (max_epochs=15, early_stop) ...
    ep 01/15 | train_loss=0.6003 | val_loss=0.5459
    ep 03/15 | train_loss=0.5479 | val_loss=0.5230
    ep 06/15 | train_loss=0.5190 | val_loss=0.5065
    ep 09/15 | train_loss=0.5060 | val_loss=0.4965
    ep 12/15 | train_loss=0.4979 | val_loss=0.4886
    ep 15/15 | train_loss=0.4919 | val_loss=0.4897
    early stop at ep=15 (best_val=0.4886)

====================================================================================================
[seed=42] P=40
====================================================================================================
----------------------------------------------------------------------------------------------------
[norm=raw] building datasets (vectorized) ...
[norm=raw] Transformer: building seq tensors ...
   Training Transformer (max_epochs=15, early_stop) ...
    ep 01/15 | train_loss=0.5913 | val_loss=0.5207
    ep 03/15 | train_loss=0.5246 | val_loss=0.4935
    ep 06/15 | train_loss=0.4950 | val_loss=0.4748
    ep 09/15 | train_loss=0.4828 | val_loss=0.4608
    ep 12/15 | train_loss=0.4722 | val_loss=0.4525
    ep 15/15 | train_loss=0.4639 | val_loss=0.4477
----------------------------------------------------------------------------------------------------
[norm=log1p] building datasets (vectorized) ...
[norm=log1p] Transformer: building seq tensors ...
   Training Transformer (max_epochs=15, early_stop) ...
    ep 01/15 | train_loss=0.6298 | val_loss=0.5340
    ep 03/15 | train_loss=0.5238 | val_loss=0.4922
    ep 06/15 | train_loss=0.4976 | val_loss=0.4809
    ep 09/15 | train_loss=0.4816 | val_loss=0.4589
    ep 12/15 | train_loss=0.4707 | val_loss=0.4665
    early stop at ep=13 (best_val=0.4584)
----------------------------------------------------------------------------------------------------
[norm=zscore] building datasets (vectorized) ...
[norm=zscore] Transformer: building seq tensors ...
   Training Transformer (max_epochs=15, early_stop) ...
    ep 01/15 | train_loss=0.5811 | val_loss=0.5295
    ep 03/15 | train_loss=0.5262 | val_loss=0.5027
    ep 06/15 | train_loss=0.4934 | val_loss=0.4776
    ep 09/15 | train_loss=0.4793 | val_loss=0.4629
    ep 12/15 | train_loss=0.4704 | val_loss=0.4547
    ep 15/15 | train_loss=0.4606 | val_loss=0.4468

====================================================================================================
[seed=42] P=50
====================================================================================================
----------------------------------------------------------------------------------------------------
[norm=raw] building datasets (vectorized) ...
[norm=raw] Transformer: building seq tensors ...
   Training Transformer (max_epochs=15, early_stop) ...
    ep 01/15 | train_loss=0.5779 | val_loss=0.4907
    ep 03/15 | train_loss=0.4962 | val_loss=0.4653
    ep 06/15 | train_loss=0.4699 | val_loss=0.4448
    ep 09/15 | train_loss=0.4518 | val_loss=0.4438
    ep 12/15 | train_loss=0.4414 | val_loss=0.4271
    ep 15/15 | train_loss=0.4315 | val_loss=0.4187
----------------------------------------------------------------------------------------------------
[norm=log1p] building datasets (vectorized) ...
[norm=log1p] Transformer: building seq tensors ...
   Training Transformer (max_epochs=15, early_stop) ...
    ep 01/15 | train_loss=0.6333 | val_loss=0.5207
    ep 03/15 | train_loss=0.5095 | val_loss=0.4915
    ep 06/15 | train_loss=0.4848 | val_loss=0.4604
    ep 09/15 | train_loss=0.4719 | val_loss=0.4579
    ep 12/15 | train_loss=0.4597 | val_loss=0.4440
    ep 15/15 | train_loss=0.4457 | val_loss=0.4544
----------------------------------------------------------------------------------------------------
[norm=zscore] building datasets (vectorized) ...
[norm=zscore] Transformer: building seq tensors ...
   Training Transformer (max_epochs=15, early_stop) ...
    ep 01/15 | train_loss=0.5680 | val_loss=0.4998
    ep 03/15 | train_loss=0.5004 | val_loss=0.4773
    ep 06/15 | train_loss=0.4713 | val_loss=0.4379
    ep 09/15 | train_loss=0.4517 | val_loss=0.4340
    ep 12/15 | train_loss=0.4377 | val_loss=0.4266
    ep 15/15 | train_loss=0.4289 | val_loss=0.4202

====================================================================================================
[seed=42] P=60
====================================================================================================
----------------------------------------------------------------------------------------------------
[norm=raw] building datasets (vectorized) ...
[norm=raw] Transformer: building seq tensors ...
   Training Transformer (max_epochs=15, early_stop) ...
    ep 01/15 | train_loss=0.5636 | val_loss=0.4812
    ep 03/15 | train_loss=0.4831 | val_loss=0.4550
    ep 06/15 | train_loss=0.4568 | val_loss=0.4300
    ep 09/15 | train_loss=0.4383 | val_loss=0.4134
    ep 12/15 | train_loss=0.4243 | val_loss=0.4076
    ep 15/15 | train_loss=0.4123 | val_loss=0.3944
----------------------------------------------------------------------------------------------------
[norm=log1p] building datasets (vectorized) ...
[norm=log1p] Transformer: building seq tensors ...
   Training Transformer (max_epochs=15, early_stop) ...
    ep 01/15 | train_loss=0.6084 | val_loss=0.4973
    ep 03/15 | train_loss=0.4836 | val_loss=0.4558
    ep 06/15 | train_loss=0.4642 | val_loss=0.4441
    ep 09/15 | train_loss=0.4543 | val_loss=0.4355
    ep 12/15 | train_loss=0.4425 | val_loss=0.4315
    ep 15/15 | train_loss=0.4283 | val_loss=0.4074
----------------------------------------------------------------------------------------------------
[norm=zscore] building datasets (vectorized) ...
[norm=zscore] Transformer: building seq tensors ...
   Training Transformer (max_epochs=15, early_stop) ...
    ep 01/15 | train_loss=0.5434 | val_loss=0.4772
    ep 03/15 | train_loss=0.4782 | val_loss=0.4633
    ep 06/15 | train_loss=0.4517 | val_loss=0.4338
    ep 09/15 | train_loss=0.4358 | val_loss=0.4188
    ep 12/15 | train_loss=0.4214 | val_loss=0.4081
    ep 15/15 | train_loss=0.4153 | val_loss=0.4000

====================================================================================================
[seed=42] P=70
====================================================================================================
----------------------------------------------------------------------------------------------------
[norm=raw] building datasets (vectorized) ...
[norm=raw] Transformer: building seq tensors ...
   Training Transformer (max_epochs=15, early_stop) ...
    ep 01/15 | train_loss=0.5592 | val_loss=0.4660
    ep 03/15 | train_loss=0.4654 | val_loss=0.4440
    ep 06/15 | train_loss=0.4385 | val_loss=0.4201
    ep 09/15 | train_loss=0.4198 | val_loss=0.4024
    ep 12/15 | train_loss=0.4048 | val_loss=0.3934
    ep 15/15 | train_loss=0.3989 | val_loss=0.3939
----------------------------------------------------------------------------------------------------
[norm=log1p] building datasets (vectorized) ...
[norm=log1p] Transformer: building seq tensors ...
   Training Transformer (max_epochs=15, early_stop) ...
    ep 01/15 | train_loss=0.6279 | val_loss=0.4819
    ep 03/15 | train_loss=0.4620 | val_loss=0.4431
    ep 06/15 | train_loss=0.4355 | val_loss=0.4177
    ep 09/15 | train_loss=0.4214 | val_loss=0.4090
    ep 12/15 | train_loss=0.4077 | val_loss=0.4009
    ep 15/15 | train_loss=0.4027 | val_loss=0.3888
----------------------------------------------------------------------------------------------------
[norm=zscore] building datasets (vectorized) ...
[norm=zscore] Transformer: building seq tensors ...
   Training Transformer (max_epochs=15, early_stop) ...
    ep 01/15 | train_loss=0.5399 | val_loss=0.4662
    ep 03/15 | train_loss=0.4633 | val_loss=0.4364
    ep 06/15 | train_loss=0.4296 | val_loss=0.4024
    ep 09/15 | train_loss=0.4123 | val_loss=0.3962
    ep 12/15 | train_loss=0.3993 | val_loss=0.3843
    early stop at ep=14 (best_val=0.3826)

====================================================================================================
[seed=42] P=80
====================================================================================================
----------------------------------------------------------------------------------------------------
[norm=raw] building datasets (vectorized) ...
[norm=raw] Transformer: building seq tensors ...
   Training Transformer (max_epochs=15, early_stop) ...
    ep 01/15 | train_loss=0.5399 | val_loss=0.4565
    ep 03/15 | train_loss=0.4531 | val_loss=0.4210
    ep 06/15 | train_loss=0.4251 | val_loss=0.3958
    ep 09/15 | train_loss=0.4037 | val_loss=0.4048
    ep 12/15 | train_loss=0.3949 | val_loss=0.3897
    ep 15/15 | train_loss=0.3817 | val_loss=0.3680
----------------------------------------------------------------------------------------------------
[norm=log1p] building datasets (vectorized) ...
[norm=log1p] Transformer: building seq tensors ...
   Training Transformer (max_epochs=15, early_stop) ...
    ep 01/15 | train_loss=0.5874 | val_loss=0.4499
    ep 03/15 | train_loss=0.4470 | val_loss=0.4143
    ep 06/15 | train_loss=0.4251 | val_loss=0.3913
    ep 09/15 | train_loss=0.4146 | val_loss=0.4034
    early stop at ep=9 (best_val=0.3913)
----------------------------------------------------------------------------------------------------
[norm=zscore] building datasets (vectorized) ...
[norm=zscore] Transformer: building seq tensors ...
   Training Transformer (max_epochs=15, early_stop) ...
    ep 01/15 | train_loss=0.5268 | val_loss=0.4610
    ep 03/15 | train_loss=0.4606 | val_loss=0.4290
    ep 06/15 | train_loss=0.4256 | val_loss=0.3976
    ep 09/15 | train_loss=0.4080 | val_loss=0.4275
    ep 12/15 | train_loss=0.3967 | val_loss=0.3830
    ep 15/15 | train_loss=0.3848 | val_loss=0.3730

====================================================================================================
[seed=42] P=90
====================================================================================================
----------------------------------------------------------------------------------------------------
[norm=raw] building datasets (vectorized) ...
[norm=raw] Transformer: building seq tensors ...
   Training Transformer (max_epochs=15, early_stop) ...
    ep 01/15 | train_loss=0.5259 | val_loss=0.4502
    ep 03/15 | train_loss=0.4326 | val_loss=0.4136
    ep 06/15 | train_loss=0.4057 | val_loss=0.3905
    ep 09/15 | train_loss=0.3900 | val_loss=0.3849
    ep 12/15 | train_loss=0.3870 | val_loss=0.3733
    ep 15/15 | train_loss=0.3707 | val_loss=0.3693
----------------------------------------------------------------------------------------------------
[norm=log1p] building datasets (vectorized) ...
[norm=log1p] Transformer: building seq tensors ...
   Training Transformer (max_epochs=15, early_stop) ...
    ep 01/15 | train_loss=0.5785 | val_loss=0.4427
    ep 03/15 | train_loss=0.4284 | val_loss=0.4122
    ep 06/15 | train_loss=0.4109 | val_loss=0.4044
    ep 09/15 | train_loss=0.3971 | val_loss=0.3932
    ep 12/15 | train_loss=0.3874 | val_loss=0.3798
    ep 15/15 | train_loss=0.3763 | val_loss=0.3787
----------------------------------------------------------------------------------------------------
[norm=zscore] building datasets (vectorized) ...
[norm=zscore] Transformer: building seq tensors ...
   Training Transformer (max_epochs=15, early_stop) ...
    ep 01/15 | train_loss=0.5152 | val_loss=0.4529
    ep 03/15 | train_loss=0.4415 | val_loss=0.4212
    ep 06/15 | train_loss=0.4103 | val_loss=0.3999
    ep 09/15 | train_loss=0.3874 | val_loss=0.3809
    early stop at ep=11 (best_val=0.3723)

====================================================================================================
[seed=42] P=100
====================================================================================================
----------------------------------------------------------------------------------------------------
[norm=raw] building datasets (vectorized) ...
[norm=raw] Transformer: building seq tensors ...
   Training Transformer (max_epochs=15, early_stop) ...
    ep 01/15 | train_loss=0.5299 | val_loss=0.4318
    ep 03/15 | train_loss=0.4141 | val_loss=0.3918
    ep 06/15 | train_loss=0.3839 | val_loss=0.3756
    ep 09/15 | train_loss=0.3653 | val_loss=0.3653
    ep 12/15 | train_loss=0.3545 | val_loss=0.3533
    ep 15/15 | train_loss=0.3446 | val_loss=0.3524
----------------------------------------------------------------------------------------------------
[norm=log1p] building datasets (vectorized) ...
[norm=log1p] Transformer: building seq tensors ...
   Training Transformer (max_epochs=15, early_stop) ...
    ep 01/15 | train_loss=0.5953 | val_loss=0.4629
    ep 03/15 | train_loss=0.4271 | val_loss=0.3983
    ep 06/15 | train_loss=0.4039 | val_loss=0.3784
    ep 09/15 | train_loss=0.3917 | val_loss=0.3642
    ep 12/15 | train_loss=0.3797 | val_loss=0.3552
    ep 15/15 | train_loss=0.3630 | val_loss=0.3536
----------------------------------------------------------------------------------------------------
[norm=zscore] building datasets (vectorized) ...
[norm=zscore] Transformer: building seq tensors ...
   Training Transformer (max_epochs=15, early_stop) ...
    ep 01/15 | train_loss=0.5082 | val_loss=0.4438
    ep 03/15 | train_loss=0.4171 | val_loss=0.3924
    ep 06/15 | train_loss=0.3889 | val_loss=0.3716
    ep 09/15 | train_loss=0.3759 | val_loss=0.3559
    ep 12/15 | train_loss=0.3598 | val_loss=0.3672
    ep 15/15 | train_loss=0.3497 | val_loss=0.3415

====================================================================================================
[seed=42] P=110
====================================================================================================
----------------------------------------------------------------------------------------------------
[norm=raw] building datasets (vectorized) ...
[norm=raw] Transformer: building seq tensors ...
   Training Transformer (max_epochs=15, early_stop) ...
    ep 01/15 | train_loss=0.5198 | val_loss=0.4308
    ep 03/15 | train_loss=0.4115 | val_loss=0.3849
    ep 06/15 | train_loss=0.3835 | val_loss=0.3591
    ep 09/15 | train_loss=0.3645 | val_loss=0.3473
    ep 12/15 | train_loss=0.3507 | val_loss=0.3333
    ep 15/15 | train_loss=0.3396 | val_loss=0.3331
----------------------------------------------------------------------------------------------------
[norm=log1p] building datasets (vectorized) ...
[norm=log1p] Transformer: building seq tensors ...
   Training Transformer (max_epochs=15, early_stop) ...
    ep 01/15 | train_loss=0.5739 | val_loss=0.4368
    ep 03/15 | train_loss=0.4092 | val_loss=0.3764
    ep 06/15 | train_loss=0.3834 | val_loss=0.3595
    ep 09/15 | train_loss=0.3692 | val_loss=0.3740
    ep 12/15 | train_loss=0.3630 | val_loss=0.3465
    ep 15/15 | train_loss=0.3521 | val_loss=0.3423
----------------------------------------------------------------------------------------------------
[norm=zscore] building datasets (vectorized) ...
[norm=zscore] Transformer: building seq tensors ...
   Training Transformer (max_epochs=15, early_stop) ...
    ep 01/15 | train_loss=0.5037 | val_loss=0.4315
    ep 03/15 | train_loss=0.4171 | val_loss=0.3877
    ep 06/15 | train_loss=0.3941 | val_loss=0.3701
    ep 09/15 | train_loss=0.3669 | val_loss=0.3494
    ep 12/15 | train_loss=0.3542 | val_loss=0.3365
    ep 15/15 | train_loss=0.3456 | val_loss=0.3330

====================================================================================================
[seed=42] P=120
====================================================================================================
----------------------------------------------------------------------------------------------------
[norm=raw] building datasets (vectorized) ...
[norm=raw] Transformer: building seq tensors ...
   Training Transformer (max_epochs=15, early_stop) ...
    ep 01/15 | train_loss=0.5001 | val_loss=0.4192
    ep 03/15 | train_loss=0.4007 | val_loss=0.3712
    ep 06/15 | train_loss=0.3706 | val_loss=0.3493
    ep 09/15 | train_loss=0.3504 | val_loss=0.3284
    ep 12/15 | train_loss=0.3360 | val_loss=0.3162
    ep 15/15 | train_loss=0.3264 | val_loss=0.3204
----------------------------------------------------------------------------------------------------
[norm=log1p] building datasets (vectorized) ...
[norm=log1p] Transformer: building seq tensors ...
   Training Transformer (max_epochs=15, early_stop) ...
    ep 01/15 | train_loss=0.5436 | val_loss=0.4151
    ep 03/15 | train_loss=0.3972 | val_loss=0.3642
    ep 06/15 | train_loss=0.3694 | val_loss=0.3487
    ep 09/15 | train_loss=0.3533 | val_loss=0.3377
    ep 12/15 | train_loss=0.3438 | val_loss=0.3399
    ep 15/15 | train_loss=0.3313 | val_loss=0.3270
----------------------------------------------------------------------------------------------------
[norm=zscore] building datasets (vectorized) ...
[norm=zscore] Transformer: building seq tensors ...
   Training Transformer (max_epochs=15, early_stop) ...
    ep 01/15 | train_loss=0.4857 | val_loss=0.4070
    ep 03/15 | train_loss=0.4093 | val_loss=0.3718
    ep 06/15 | train_loss=0.3707 | val_loss=0.3467
    ep 09/15 | train_loss=0.3501 | val_loss=0.3310
    ep 12/15 | train_loss=0.3368 | val_loss=0.3252
    ep 15/15 | train_loss=0.3287 | val_loss=0.3239

====================================================================================================
[seed=42] P=130
====================================================================================================
----------------------------------------------------------------------------------------------------
[norm=raw] building datasets (vectorized) ...
[norm=raw] Transformer: building seq tensors ...
   Training Transformer (max_epochs=15, early_stop) ...
    ep 01/15 | train_loss=0.4797 | val_loss=0.4036
    ep 03/15 | train_loss=0.3761 | val_loss=0.3753
    ep 06/15 | train_loss=0.3446 | val_loss=0.3364
    ep 09/15 | train_loss=0.3268 | val_loss=0.3696
    ep 12/15 | train_loss=0.3087 | val_loss=0.3245
    ep 15/15 | train_loss=0.3062 | val_loss=0.3077
----------------------------------------------------------------------------------------------------
[norm=log1p] building datasets (vectorized) ...
[norm=log1p] Transformer: building seq tensors ...
   Training Transformer (max_epochs=15, early_stop) ...
    ep 01/15 | train_loss=0.5352 | val_loss=0.4002
    ep 03/15 | train_loss=0.3777 | val_loss=0.3589
    ep 06/15 | train_loss=0.3469 | val_loss=0.3342
    ep 09/15 | train_loss=0.3269 | val_loss=0.3326
    ep 12/15 | train_loss=0.3154 | val_loss=0.3074
    ep 15/15 | train_loss=0.3094 | val_loss=0.3115
----------------------------------------------------------------------------------------------------
[norm=zscore] building datasets (vectorized) ...
[norm=zscore] Transformer: building seq tensors ...
   Training Transformer (max_epochs=15, early_stop) ...
    ep 01/15 | train_loss=0.4702 | val_loss=0.3979
    ep 03/15 | train_loss=0.3826 | val_loss=0.3771
    ep 06/15 | train_loss=0.3470 | val_loss=0.3362
    ep 09/15 | train_loss=0.3300 | val_loss=0.3452
    ep 12/15 | train_loss=0.3106 | val_loss=0.3167
    ep 15/15 | train_loss=0.3068 | val_loss=0.3005

====================================================================================================
[seed=42] P=140
====================================================================================================
----------------------------------------------------------------------------------------------------
[norm=raw] building datasets (vectorized) ...
[norm=raw] Transformer: building seq tensors ...
   Training Transformer (max_epochs=15, early_stop) ...
    ep 01/15 | train_loss=0.5068 | val_loss=0.3922
    ep 03/15 | train_loss=0.3626 | val_loss=0.3379
    ep 06/15 | train_loss=0.3263 | val_loss=0.3518
    ep 09/15 | train_loss=0.3013 | val_loss=0.3025
    ep 12/15 | train_loss=0.2968 | val_loss=0.2952
    ep 15/15 | train_loss=0.2803 | val_loss=0.3034
----------------------------------------------------------------------------------------------------
[norm=log1p] building datasets (vectorized) ...
[norm=log1p] Transformer: building seq tensors ...
   Training Transformer (max_epochs=15, early_stop) ...
    ep 01/15 | train_loss=0.5761 | val_loss=0.4119
    ep 03/15 | train_loss=0.3730 | val_loss=0.3416
    ep 06/15 | train_loss=0.3376 | val_loss=0.3284
    ep 09/15 | train_loss=0.3202 | val_loss=0.3134
    ep 12/15 | train_loss=0.3158 | val_loss=0.3102
    early stop at ep=14 (best_val=0.3098)
----------------------------------------------------------------------------------------------------
[norm=zscore] building datasets (vectorized) ...
[norm=zscore] Transformer: building seq tensors ...
   Training Transformer (max_epochs=15, early_stop) ...
    ep 01/15 | train_loss=0.4995 | val_loss=0.4015
    ep 03/15 | train_loss=0.3749 | val_loss=0.3436
    ep 06/15 | train_loss=0.3341 | val_loss=0.3344
    ep 09/15 | train_loss=0.3108 | val_loss=0.3014
    ep 12/15 | train_loss=0.3042 | val_loss=0.3125
    ep 15/15 | train_loss=0.2868 | val_loss=0.2904

====================================================================================================
[seed=42] P=150
====================================================================================================
----------------------------------------------------------------------------------------------------
[norm=raw] building datasets (vectorized) ...
[norm=raw] Transformer: building seq tensors ...
   Training Transformer (max_epochs=15, early_stop) ...
    ep 01/15 | train_loss=0.4762 | val_loss=0.3819
    ep 03/15 | train_loss=0.3548 | val_loss=0.3477
    ep 06/15 | train_loss=0.3163 | val_loss=0.3184
    ep 09/15 | train_loss=0.2993 | val_loss=0.3004
    ep 12/15 | train_loss=0.2820 | val_loss=0.2967
    ep 15/15 | train_loss=0.2744 | val_loss=0.2960
----------------------------------------------------------------------------------------------------
[norm=log1p] building datasets (vectorized) ...
[norm=log1p] Transformer: building seq tensors ...
   Training Transformer (max_epochs=15, early_stop) ...
    ep 01/15 | train_loss=0.5390 | val_loss=0.3914
    ep 03/15 | train_loss=0.3561 | val_loss=0.3400
    ep 06/15 | train_loss=0.3254 | val_loss=0.3184
    ep 09/15 | train_loss=0.3159 | val_loss=0.3126
    ep 12/15 | train_loss=0.3000 | val_loss=0.2989
    ep 15/15 | train_loss=0.2943 | val_loss=0.2986
----------------------------------------------------------------------------------------------------
[norm=zscore] building datasets (vectorized) ...
[norm=zscore] Transformer: building seq tensors ...
   Training Transformer (max_epochs=15, early_stop) ...
    ep 01/15 | train_loss=0.4726 | val_loss=0.3912
    ep 03/15 | train_loss=0.3613 | val_loss=0.3551
    ep 06/15 | train_loss=0.3259 | val_loss=0.3201
    ep 09/15 | train_loss=0.3003 | val_loss=0.3105
    ep 12/15 | train_loss=0.2828 | val_loss=0.2984
    early stop at ep=14 (best_val=0.2879)

====================================================================================================
[seed=42] P=200
====================================================================================================
----------------------------------------------------------------------------------------------------
[norm=raw] building datasets (vectorized) ...
[norm=raw] Transformer: building seq tensors ...
   Training Transformer (max_epochs=15, early_stop) ...
    ep 01/15 | train_loss=0.4652 | val_loss=0.3628
    ep 03/15 | train_loss=0.3238 | val_loss=0.3047
    ep 06/15 | train_loss=0.2896 | val_loss=0.2783
    ep 09/15 | train_loss=0.2816 | val_loss=0.2794
    early stop at ep=9 (best_val=0.2783)
----------------------------------------------------------------------------------------------------
[norm=log1p] building datasets (vectorized) ...
[norm=log1p] Transformer: building seq tensors ...
   Training Transformer (max_epochs=15, early_stop) ...
    ep 01/15 | train_loss=0.5380 | val_loss=0.3585
    ep 03/15 | train_loss=0.3229 | val_loss=0.3090
    ep 06/15 | train_loss=0.2900 | val_loss=0.2833
    ep 09/15 | train_loss=0.2736 | val_loss=0.2760
    ep 12/15 | train_loss=0.2590 | val_loss=0.2670
    ep 15/15 | train_loss=0.2524 | val_loss=0.2654
----------------------------------------------------------------------------------------------------
[norm=zscore] building datasets (vectorized) ...
[norm=zscore] Transformer: building seq tensors ...
   Training Transformer (max_epochs=15, early_stop) ...
    ep 01/15 | train_loss=0.4557 | val_loss=0.3691
    ep 03/15 | train_loss=0.3396 | val_loss=0.3125
    ep 06/15 | train_loss=0.3027 | val_loss=0.2886
    ep 09/15 | train_loss=0.2902 | val_loss=0.2811
    ep 12/15 | train_loss=0.2664 | val_loss=0.2649
    ep 15/15 | train_loss=0.2575 | val_loss=0.2535

====================================================================================================
[seed=42] P=300
====================================================================================================
----------------------------------------------------------------------------------------------------
[norm=raw] building datasets (vectorized) ...
[norm=raw] Transformer: building seq tensors ...
   Training Transformer (max_epochs=15, early_stop) ...
    ep 01/15 | train_loss=0.4010 | val_loss=0.2924
    ep 03/15 | train_loss=0.2506 | val_loss=0.2476
    ep 06/15 | train_loss=0.2171 | val_loss=0.2138
    ep 09/15 | train_loss=0.2012 | val_loss=0.2063
    ep 12/15 | train_loss=0.1866 | val_loss=0.2034
    ep 15/15 | train_loss=0.1776 | val_loss=0.1977
----------------------------------------------------------------------------------------------------
[norm=log1p] building datasets (vectorized) ...
[norm=log1p] Transformer: building seq tensors ...
   Training Transformer (max_epochs=15, early_stop) ...
    ep 01/15 | train_loss=0.4847 | val_loss=0.3007
    ep 03/15 | train_loss=0.2626 | val_loss=0.2358
    ep 06/15 | train_loss=0.2185 | val_loss=0.2141
    ep 09/15 | train_loss=0.2042 | val_loss=0.2078
    ep 12/15 | train_loss=0.1940 | val_loss=0.1971
    ep 15/15 | train_loss=0.1848 | val_loss=0.1996
----------------------------------------------------------------------------------------------------
[norm=zscore] building datasets (vectorized) ...
[norm=zscore] Transformer: building seq tensors ...
   Training Transformer (max_epochs=15, early_stop) ...
    ep 01/15 | train_loss=0.3981 | val_loss=0.3075
    ep 03/15 | train_loss=0.2711 | val_loss=0.2730
    ep 06/15 | train_loss=0.2270 | val_loss=0.2340
    ep 09/15 | train_loss=0.2076 | val_loss=0.2157
    ep 12/15 | train_loss=0.1974 | val_loss=0.1988
    early stop at ep=13 (best_val=0.1981)

====================================================================================================
[seed=42] P=400
====================================================================================================
----------------------------------------------------------------------------------------------------
[norm=raw] building datasets (vectorized) ...
[norm=raw] Transformer: building seq tensors ...
   Training Transformer (max_epochs=15, early_stop) ...
    ep 01/15 | train_loss=0.3774 | val_loss=0.2645
    ep 03/15 | train_loss=0.2227 | val_loss=0.2353
    ep 06/15 | train_loss=0.1808 | val_loss=0.1775
    ep 09/15 | train_loss=0.1637 | val_loss=0.1678
    ep 12/15 | train_loss=0.1488 | val_loss=0.1513
    ep 15/15 | train_loss=0.1343 | val_loss=0.1607
    early stop at ep=15 (best_val=0.1513)
----------------------------------------------------------------------------------------------------
[norm=log1p] building datasets (vectorized) ...
[norm=log1p] Transformer: building seq tensors ...
   Training Transformer (max_epochs=15, early_stop) ...
    ep 01/15 | train_loss=0.4646 | val_loss=0.2735
    ep 03/15 | train_loss=0.2304 | val_loss=0.2486
    ep 06/15 | train_loss=0.1851 | val_loss=0.1800
    ep 09/15 | train_loss=0.1708 | val_loss=0.1658
    ep 12/15 | train_loss=0.1625 | val_loss=0.1626
    ep 15/15 | train_loss=0.1494 | val_loss=0.1715
----------------------------------------------------------------------------------------------------
[norm=zscore] building datasets (vectorized) ...
[norm=zscore] Transformer: building seq tensors ...
   Training Transformer (max_epochs=15, early_stop) ...
    ep 01/15 | train_loss=0.3780 | val_loss=0.2686
    ep 03/15 | train_loss=0.2420 | val_loss=0.2525
    ep 06/15 | train_loss=0.1947 | val_loss=0.1868
    ep 09/15 | train_loss=0.1780 | val_loss=0.1709
    ep 12/15 | train_loss=0.1581 | val_loss=0.1602
    ep 15/15 | train_loss=0.1418 | val_loss=0.1578

====================================================================================================
[seed=42] P=500
====================================================================================================
----------------------------------------------------------------------------------------------------
[norm=raw] building datasets (vectorized) ...
[norm=raw] Transformer: building seq tensors ...
   Training Transformer (max_epochs=18, early_stop) ...
    ep 01/18 | train_loss=0.3620 | val_loss=0.2559
    ep 03/18 | train_loss=0.1967 | val_loss=0.2070
    ep 06/18 | train_loss=0.1494 | val_loss=0.1770
    ep 09/18 | train_loss=0.1337 | val_loss=0.1597
    early stop at ep=10 (best_val=0.1587)
----------------------------------------------------------------------------------------------------
[norm=log1p] building datasets (vectorized) ...
[norm=log1p] Transformer: building seq tensors ...
   Training Transformer (max_epochs=18, early_stop) ...
    ep 01/18 | train_loss=0.4560 | val_loss=0.2509
    ep 03/18 | train_loss=0.1942 | val_loss=0.1975
    ep 06/18 | train_loss=0.1501 | val_loss=0.1683
    ep 09/18 | train_loss=0.1334 | val_loss=0.1674
    ep 12/18 | train_loss=0.1197 | val_loss=0.1403
    ep 15/18 | train_loss=0.1134 | val_loss=0.1356
    ep 18/18 | train_loss=0.1053 | val_loss=0.1391
    early stop at ep=18 (best_val=0.1356)
----------------------------------------------------------------------------------------------------
[norm=zscore] building datasets (vectorized) ...
[norm=zscore] Transformer: building seq tensors ...
   Training Transformer (max_epochs=18, early_stop) ...
    ep 01/18 | train_loss=0.3517 | val_loss=0.2487
    ep 03/18 | train_loss=0.2141 | val_loss=0.2206
    ep 06/18 | train_loss=0.1744 | val_loss=0.1875
    ep 09/18 | train_loss=0.1570 | val_loss=0.1712
    ep 12/18 | train_loss=0.1323 | val_loss=0.1491
    ep 15/18 | train_loss=0.1195 | val_loss=0.1399
    ep 18/18 | train_loss=0.1088 | val_loss=0.1439
    early stop at ep=18 (best_val=0.1399)

====================================================================================================
[seed=42] P=600
====================================================================================================
----------------------------------------------------------------------------------------------------
[norm=raw] building datasets (vectorized) ...
[norm=raw] Transformer: building seq tensors ...
   Training Transformer (max_epochs=20, early_stop) ...
    ep 01/20 | train_loss=0.3350 | val_loss=0.2400
    ep 03/20 | train_loss=0.1720 | val_loss=0.1730
    ep 06/20 | train_loss=0.1385 | val_loss=0.1381
    ep 09/20 | train_loss=0.1128 | val_loss=0.1347
    ep 12/20 | train_loss=0.0988 | val_loss=0.1496
    ep 15/20 | train_loss=0.0955 | val_loss=0.1332
    early stop at ep=16 (best_val=0.1222)
----------------------------------------------------------------------------------------------------
[norm=log1p] building datasets (vectorized) ...
[norm=log1p] Transformer: building seq tensors ...
   Training Transformer (max_epochs=20, early_stop) ...
    ep 01/20 | train_loss=0.4235 | val_loss=0.2459
    ep 03/20 | train_loss=0.1810 | val_loss=0.1703
    ep 06/20 | train_loss=0.1364 | val_loss=0.1303
    ep 09/20 | train_loss=0.1159 | val_loss=0.1369
    early stop at ep=9 (best_val=0.1303)
----------------------------------------------------------------------------------------------------
[norm=zscore] building datasets (vectorized) ...
[norm=zscore] Transformer: building seq tensors ...
   Training Transformer (max_epochs=20, early_stop) ...
    ep 01/20 | train_loss=0.3336 | val_loss=0.2765
    ep 03/20 | train_loss=0.1898 | val_loss=0.1702
    ep 06/20 | train_loss=0.1610 | val_loss=0.1563
    ep 09/20 | train_loss=0.1335 | val_loss=0.1523
    ep 12/20 | train_loss=0.1197 | val_loss=0.2148
    ep 15/20 | train_loss=0.1093 | val_loss=0.1285
    early stop at ep=16 (best_val=0.1279)

[5/5] seed done.

##############################################################################################################
[SEED RUN] seed=43
##############################################################################################################

[1/5] form-disjoint split (ID)...
[form split] success try=1: ge2 groups train=4319, test=2394

[2/5] sampling Complex pairs...
  train pairs: same=10000, diff=10000
  ID-test pairs: same=5000, diff=5000
  OOD pairs: same=5000, diff=5000

[3/5] fitting z-score from TRAIN only...

[4/5] train/eval (P x norm x models) ...

====================================================================================================
[seed=43] P=10
====================================================================================================
----------------------------------------------------------------------------------------------------
[norm=raw] building datasets (vectorized) ...
[norm=raw] Transformer: building seq tensors ...
   Training Transformer (max_epochs=15, early_stop) ...
    ep 01/15 | train_loss=0.6772 | val_loss=0.6463
    ep 03/15 | train_loss=0.6308 | val_loss=0.6211
    ep 06/15 | train_loss=0.6226 | val_loss=0.6144
    ep 09/15 | train_loss=0.6172 | val_loss=0.6123
    early stop at ep=11 (best_val=0.6099)
----------------------------------------------------------------------------------------------------
[norm=log1p] building datasets (vectorized) ...
[norm=log1p] Transformer: building seq tensors ...
   Training Transformer (max_epochs=15, early_stop) ...
    ep 01/15 | train_loss=0.6901 | val_loss=0.6757
    ep 03/15 | train_loss=0.6467 | val_loss=0.6334
    ep 06/15 | train_loss=0.6248 | val_loss=0.6171
    ep 09/15 | train_loss=0.6164 | val_loss=0.6098
    ep 12/15 | train_loss=0.6158 | val_loss=0.6123
    early stop at ep=12 (best_val=0.6098)
----------------------------------------------------------------------------------------------------
[norm=zscore] building datasets (vectorized) ...
[norm=zscore] Transformer: building seq tensors ...
   Training Transformer (max_epochs=15, early_stop) ...
    ep 01/15 | train_loss=0.6612 | val_loss=0.6350
    ep 03/15 | train_loss=0.6304 | val_loss=0.6159
    ep 06/15 | train_loss=0.6249 | val_loss=0.6116
    ep 09/15 | train_loss=0.6165 | val_loss=0.6085
    ep 12/15 | train_loss=0.6154 | val_loss=0.6092
    early stop at ep=14 (best_val=0.6082)

====================================================================================================
[seed=43] P=20
====================================================================================================
----------------------------------------------------------------------------------------------------
[norm=raw] building datasets (vectorized) ...
[norm=raw] Transformer: building seq tensors ...
   Training Transformer (max_epochs=15, early_stop) ...
    ep 01/15 | train_loss=0.6490 | val_loss=0.6195
    ep 03/15 | train_loss=0.5978 | val_loss=0.5914
    ep 06/15 | train_loss=0.5811 | val_loss=0.5926
    ep 09/15 | train_loss=0.5680 | val_loss=0.5595
    ep 12/15 | train_loss=0.5572 | val_loss=0.5493
    ep 15/15 | train_loss=0.5515 | val_loss=0.5387
----------------------------------------------------------------------------------------------------
[norm=log1p] building datasets (vectorized) ...
[norm=log1p] Transformer: building seq tensors ...
   Training Transformer (max_epochs=15, early_stop) ...
    ep 01/15 | train_loss=0.6757 | val_loss=0.6385
    ep 03/15 | train_loss=0.6062 | val_loss=0.6072
    ep 06/15 | train_loss=0.5849 | val_loss=0.5909
    ep 09/15 | train_loss=0.5734 | val_loss=0.5704
    ep 12/15 | train_loss=0.5623 | val_loss=0.5476
    early stop at ep=14 (best_val=0.5453)
----------------------------------------------------------------------------------------------------
[norm=zscore] building datasets (vectorized) ...
[norm=zscore] Transformer: building seq tensors ...
   Training Transformer (max_epochs=15, early_stop) ...
    ep 01/15 | train_loss=0.6364 | val_loss=0.6171
    ep 03/15 | train_loss=0.5956 | val_loss=0.5973
    ep 06/15 | train_loss=0.5709 | val_loss=0.5635
    ep 09/15 | train_loss=0.5605 | val_loss=0.5521
    ep 12/15 | train_loss=0.5540 | val_loss=0.5469
    ep 15/15 | train_loss=0.5483 | val_loss=0.5475

====================================================================================================
[seed=43] P=30
====================================================================================================
----------------------------------------------------------------------------------------------------
[norm=raw] building datasets (vectorized) ...
[norm=raw] Transformer: building seq tensors ...
   Training Transformer (max_epochs=15, early_stop) ...
    ep 01/15 | train_loss=0.6083 | val_loss=0.5577
    ep 03/15 | train_loss=0.5441 | val_loss=0.5343
    ep 06/15 | train_loss=0.5218 | val_loss=0.5169
    ep 09/15 | train_loss=0.5089 | val_loss=0.5176
    ep 12/15 | train_loss=0.5027 | val_loss=0.4948
    ep 15/15 | train_loss=0.4962 | val_loss=0.4975
    early stop at ep=15 (best_val=0.4948)
----------------------------------------------------------------------------------------------------
[norm=log1p] building datasets (vectorized) ...
[norm=log1p] Transformer: building seq tensors ...
   Training Transformer (max_epochs=15, early_stop) ...
    ep 01/15 | train_loss=0.6431 | val_loss=0.5825
    ep 03/15 | train_loss=0.5600 | val_loss=0.5516
    ep 06/15 | train_loss=0.5247 | val_loss=0.5177
    ep 09/15 | train_loss=0.5146 | val_loss=0.5174
    ep 12/15 | train_loss=0.5045 | val_loss=0.5065
    ep 15/15 | train_loss=0.5003 | val_loss=0.5064
----------------------------------------------------------------------------------------------------
[norm=zscore] building datasets (vectorized) ...
[norm=zscore] Transformer: building seq tensors ...
   Training Transformer (max_epochs=15, early_stop) ...
    ep 01/15 | train_loss=0.5983 | val_loss=0.5569
    ep 03/15 | train_loss=0.5393 | val_loss=0.5402
    ep 06/15 | train_loss=0.5165 | val_loss=0.5241
    ep 09/15 | train_loss=0.5040 | val_loss=0.5028
    ep 12/15 | train_loss=0.4984 | val_loss=0.4862
    ep 15/15 | train_loss=0.4927 | val_loss=0.4935

====================================================================================================
[seed=43] P=40
====================================================================================================
----------------------------------------------------------------------------------------------------
[norm=raw] building datasets (vectorized) ...
[norm=raw] Transformer: building seq tensors ...
   Training Transformer (max_epochs=15, early_stop) ...
    ep 01/15 | train_loss=0.6050 | val_loss=0.5749
    ep 03/15 | train_loss=0.5163 | val_loss=0.5221
    ep 06/15 | train_loss=0.4904 | val_loss=0.4983
    ep 09/15 | train_loss=0.4814 | val_loss=0.4845
    ep 12/15 | train_loss=0.4762 | val_loss=0.4735
    ep 15/15 | train_loss=0.4717 | val_loss=0.4876
    early stop at ep=15 (best_val=0.4735)
----------------------------------------------------------------------------------------------------
[norm=log1p] building datasets (vectorized) ...
[norm=log1p] Transformer: building seq tensors ...
   Training Transformer (max_epochs=15, early_stop) ...
    ep 01/15 | train_loss=0.6473 | val_loss=0.5621
    ep 03/15 | train_loss=0.5275 | val_loss=0.5178
    ep 06/15 | train_loss=0.5030 | val_loss=0.5023
    ep 09/15 | train_loss=0.4890 | val_loss=0.4900
    ep 12/15 | train_loss=0.4782 | val_loss=0.4798
    ep 15/15 | train_loss=0.4738 | val_loss=0.4896
    early stop at ep=15 (best_val=0.4798)
----------------------------------------------------------------------------------------------------
[norm=zscore] building datasets (vectorized) ...
[norm=zscore] Transformer: building seq tensors ...
   Training Transformer (max_epochs=15, early_stop) ...
    ep 01/15 | train_loss=0.5854 | val_loss=0.5720
    ep 03/15 | train_loss=0.5269 | val_loss=0.5205
    ep 06/15 | train_loss=0.5024 | val_loss=0.5050
    ep 09/15 | train_loss=0.4887 | val_loss=0.4865
    ep 12/15 | train_loss=0.4785 | val_loss=0.4803
    ep 15/15 | train_loss=0.4738 | val_loss=0.4757

====================================================================================================
[seed=43] P=50
====================================================================================================
----------------------------------------------------------------------------------------------------
[norm=raw] building datasets (vectorized) ...
[norm=raw] Transformer: building seq tensors ...
   Training Transformer (max_epochs=15, early_stop) ...
    ep 01/15 | train_loss=0.5855 | val_loss=0.5219
    ep 03/15 | train_loss=0.5033 | val_loss=0.4816
    ep 06/15 | train_loss=0.4662 | val_loss=0.4538
    ep 09/15 | train_loss=0.4495 | val_loss=0.4473
    ep 12/15 | train_loss=0.4376 | val_loss=0.4324
    ep 15/15 | train_loss=0.4274 | val_loss=0.4353
    early stop at ep=15 (best_val=0.4324)
----------------------------------------------------------------------------------------------------
[norm=log1p] building datasets (vectorized) ...
[norm=log1p] Transformer: building seq tensors ...
   Training Transformer (max_epochs=15, early_stop) ...
    ep 01/15 | train_loss=0.6213 | val_loss=0.5267
    ep 03/15 | train_loss=0.5155 | val_loss=0.4987
    ep 06/15 | train_loss=0.4870 | val_loss=0.4690
    ep 09/15 | train_loss=0.4683 | val_loss=0.4522
    ep 12/15 | train_loss=0.4491 | val_loss=0.4369
    ep 15/15 | train_loss=0.4359 | val_loss=0.4439
    early stop at ep=15 (best_val=0.4369)
----------------------------------------------------------------------------------------------------
[norm=zscore] building datasets (vectorized) ...
[norm=zscore] Transformer: building seq tensors ...
   Training Transformer (max_epochs=15, early_stop) ...
    ep 01/15 | train_loss=0.5765 | val_loss=0.5266
    ep 03/15 | train_loss=0.5031 | val_loss=0.4851
    ep 06/15 | train_loss=0.4694 | val_loss=0.4598
    ep 09/15 | train_loss=0.4583 | val_loss=0.4561
    ep 12/15 | train_loss=0.4478 | val_loss=0.4463
    ep 15/15 | train_loss=0.4390 | val_loss=0.4464
    early stop at ep=15 (best_val=0.4463)

====================================================================================================
[seed=43] P=60
====================================================================================================
----------------------------------------------------------------------------------------------------
[norm=raw] building datasets (vectorized) ...
[norm=raw] Transformer: building seq tensors ...
   Training Transformer (max_epochs=15, early_stop) ...
    ep 01/15 | train_loss=0.5710 | val_loss=0.5133
    ep 03/15 | train_loss=0.4935 | val_loss=0.5453
    ep 06/15 | train_loss=0.4633 | val_loss=0.4529
    ep 09/15 | train_loss=0.4429 | val_loss=0.4291
    ep 12/15 | train_loss=0.4309 | val_loss=0.4350
    early stop at ep=12 (best_val=0.4291)
----------------------------------------------------------------------------------------------------
[norm=log1p] building datasets (vectorized) ...
[norm=log1p] Transformer: building seq tensors ...
   Training Transformer (max_epochs=15, early_stop) ...
    ep 01/15 | train_loss=0.6148 | val_loss=0.5272
    ep 03/15 | train_loss=0.4952 | val_loss=0.5415
    ep 06/15 | train_loss=0.4657 | val_loss=0.4510
    ep 09/15 | train_loss=0.4514 | val_loss=0.4338
    ep 12/15 | train_loss=0.4348 | val_loss=0.4240
    ep 15/15 | train_loss=0.4264 | val_loss=0.4160
----------------------------------------------------------------------------------------------------
[norm=zscore] building datasets (vectorized) ...
[norm=zscore] Transformer: building seq tensors ...
   Training Transformer (max_epochs=15, early_stop) ...
    ep 01/15 | train_loss=0.5608 | val_loss=0.5169
    ep 03/15 | train_loss=0.4982 | val_loss=0.5017
    ep 06/15 | train_loss=0.4621 | val_loss=0.4445
    ep 09/15 | train_loss=0.4406 | val_loss=0.4389
    ep 12/15 | train_loss=0.4254 | val_loss=0.4163
    ep 15/15 | train_loss=0.4178 | val_loss=0.4091

====================================================================================================
[seed=43] P=70
====================================================================================================
----------------------------------------------------------------------------------------------------
[norm=raw] building datasets (vectorized) ...
[norm=raw] Transformer: building seq tensors ...
   Training Transformer (max_epochs=15, early_stop) ...
    ep 01/15 | train_loss=0.5573 | val_loss=0.4883
    ep 03/15 | train_loss=0.4657 | val_loss=0.4788
    ep 06/15 | train_loss=0.4355 | val_loss=0.4470
    ep 09/15 | train_loss=0.4197 | val_loss=0.4325
    ep 12/15 | train_loss=0.4073 | val_loss=0.4170
    ep 15/15 | train_loss=0.3937 | val_loss=0.4101
----------------------------------------------------------------------------------------------------
[norm=log1p] building datasets (vectorized) ...
[norm=log1p] Transformer: building seq tensors ...
   Training Transformer (max_epochs=15, early_stop) ...
    ep 01/15 | train_loss=0.6017 | val_loss=0.5085
    ep 03/15 | train_loss=0.4750 | val_loss=0.4895
    ep 06/15 | train_loss=0.4526 | val_loss=0.4588
    ep 09/15 | train_loss=0.4391 | val_loss=0.4473
    ep 12/15 | train_loss=0.4273 | val_loss=0.4398
    ep 15/15 | train_loss=0.4154 | val_loss=0.4288
----------------------------------------------------------------------------------------------------
[norm=zscore] building datasets (vectorized) ...
[norm=zscore] Transformer: building seq tensors ...
   Training Transformer (max_epochs=15, early_stop) ...
    ep 01/15 | train_loss=0.5443 | val_loss=0.4934
    ep 03/15 | train_loss=0.4644 | val_loss=0.4599
    ep 06/15 | train_loss=0.4359 | val_loss=0.4449
    ep 09/15 | train_loss=0.4164 | val_loss=0.4182
    ep 12/15 | train_loss=0.4055 | val_loss=0.4090
    ep 15/15 | train_loss=0.3912 | val_loss=0.3946

====================================================================================================
[seed=43] P=80
====================================================================================================
----------------------------------------------------------------------------------------------------
[norm=raw] building datasets (vectorized) ...
[norm=raw] Transformer: building seq tensors ...
   Training Transformer (max_epochs=15, early_stop) ...
    ep 01/15 | train_loss=0.5510 | val_loss=0.4927
    ep 03/15 | train_loss=0.4536 | val_loss=0.4618
    ep 06/15 | train_loss=0.4258 | val_loss=0.4245
    ep 09/15 | train_loss=0.4075 | val_loss=0.4095
    ep 12/15 | train_loss=0.3945 | val_loss=0.4106
    ep 15/15 | train_loss=0.3861 | val_loss=0.4114
----------------------------------------------------------------------------------------------------
[norm=log1p] building datasets (vectorized) ...
[norm=log1p] Transformer: building seq tensors ...
   Training Transformer (max_epochs=15, early_stop) ...
    ep 01/15 | train_loss=0.5968 | val_loss=0.4911
    ep 03/15 | train_loss=0.4518 | val_loss=0.4599
    ep 06/15 | train_loss=0.4302 | val_loss=0.4356
    ep 09/15 | train_loss=0.4142 | val_loss=0.4239
    ep 12/15 | train_loss=0.4014 | val_loss=0.4086
    ep 15/15 | train_loss=0.3917 | val_loss=0.3936
----------------------------------------------------------------------------------------------------
[norm=zscore] building datasets (vectorized) ...
[norm=zscore] Transformer: building seq tensors ...
   Training Transformer (max_epochs=15, early_stop) ...
    ep 01/15 | train_loss=0.5335 | val_loss=0.5068
    ep 03/15 | train_loss=0.4491 | val_loss=0.4713
    ep 06/15 | train_loss=0.4156 | val_loss=0.4215
    ep 09/15 | train_loss=0.3958 | val_loss=0.4049
    ep 12/15 | train_loss=0.3793 | val_loss=0.4009
    ep 15/15 | train_loss=0.3624 | val_loss=0.3793

====================================================================================================
[seed=43] P=90
====================================================================================================
----------------------------------------------------------------------------------------------------
[norm=raw] building datasets (vectorized) ...
[norm=raw] Transformer: building seq tensors ...
   Training Transformer (max_epochs=15, early_stop) ...
    ep 01/15 | train_loss=0.5443 | val_loss=0.4789
    ep 03/15 | train_loss=0.4513 | val_loss=0.4453
    ep 06/15 | train_loss=0.4198 | val_loss=0.4292
    ep 09/15 | train_loss=0.3974 | val_loss=0.3962
    ep 12/15 | train_loss=0.3839 | val_loss=0.3795
    ep 15/15 | train_loss=0.3751 | val_loss=0.3881
    early stop at ep=15 (best_val=0.3795)
----------------------------------------------------------------------------------------------------
[norm=log1p] building datasets (vectorized) ...
[norm=log1p] Transformer: building seq tensors ...
   Training Transformer (max_epochs=15, early_stop) ...
    ep 01/15 | train_loss=0.6069 | val_loss=0.5454
    ep 03/15 | train_loss=0.4566 | val_loss=0.4442
    ep 06/15 | train_loss=0.4259 | val_loss=0.4257
    ep 09/15 | train_loss=0.4103 | val_loss=0.4265
    ep 12/15 | train_loss=0.3995 | val_loss=0.4106
    ep 15/15 | train_loss=0.3866 | val_loss=0.3976
----------------------------------------------------------------------------------------------------
[norm=zscore] building datasets (vectorized) ...
[norm=zscore] Transformer: building seq tensors ...
   Training Transformer (max_epochs=15, early_stop) ...
    ep 01/15 | train_loss=0.5297 | val_loss=0.4907
    ep 03/15 | train_loss=0.4564 | val_loss=0.4544
    ep 06/15 | train_loss=0.4187 | val_loss=0.4246
    ep 09/15 | train_loss=0.3947 | val_loss=0.4086
    ep 12/15 | train_loss=0.3832 | val_loss=0.3831
    ep 15/15 | train_loss=0.3746 | val_loss=0.3958

====================================================================================================
[seed=43] P=100
====================================================================================================
----------------------------------------------------------------------------------------------------
[norm=raw] building datasets (vectorized) ...
[norm=raw] Transformer: building seq tensors ...
   Training Transformer (max_epochs=15, early_stop) ...
    ep 01/15 | train_loss=0.5259 | val_loss=0.4543
    ep 03/15 | train_loss=0.4143 | val_loss=0.4051
    ep 06/15 | train_loss=0.3778 | val_loss=0.3895
    ep 09/15 | train_loss=0.3632 | val_loss=0.3742
    ep 12/15 | train_loss=0.3484 | val_loss=0.3697
    ep 15/15 | train_loss=0.3303 | val_loss=0.3592
----------------------------------------------------------------------------------------------------
[norm=log1p] building datasets (vectorized) ...
[norm=log1p] Transformer: building seq tensors ...
   Training Transformer (max_epochs=15, early_stop) ...
    ep 01/15 | train_loss=0.5828 | val_loss=0.4610
    ep 03/15 | train_loss=0.4146 | val_loss=0.4065
    ep 06/15 | train_loss=0.3867 | val_loss=0.3975
    ep 09/15 | train_loss=0.3741 | val_loss=0.3828
    ep 12/15 | train_loss=0.3571 | val_loss=0.3876
    ep 15/15 | train_loss=0.3461 | val_loss=0.3774
----------------------------------------------------------------------------------------------------
[norm=zscore] building datasets (vectorized) ...
[norm=zscore] Transformer: building seq tensors ...
   Training Transformer (max_epochs=15, early_stop) ...
    ep 01/15 | train_loss=0.5073 | val_loss=0.4607
    ep 03/15 | train_loss=0.4186 | val_loss=0.4119
    ep 06/15 | train_loss=0.3762 | val_loss=0.3837
    ep 09/15 | train_loss=0.3594 | val_loss=0.3775
    early stop at ep=11 (best_val=0.3671)

====================================================================================================
[seed=43] P=110
====================================================================================================
----------------------------------------------------------------------------------------------------
[norm=raw] building datasets (vectorized) ...
[norm=raw] Transformer: building seq tensors ...
   Training Transformer (max_epochs=15, early_stop) ...
    ep 01/15 | train_loss=0.5271 | val_loss=0.4914
    ep 03/15 | train_loss=0.4165 | val_loss=0.4043
    ep 06/15 | train_loss=0.3797 | val_loss=0.3700
    ep 09/15 | train_loss=0.3663 | val_loss=0.3629
    ep 12/15 | train_loss=0.3525 | val_loss=0.3543
    ep 15/15 | train_loss=0.3475 | val_loss=0.3480
----------------------------------------------------------------------------------------------------
[norm=log1p] building datasets (vectorized) ...
[norm=log1p] Transformer: building seq tensors ...
   Training Transformer (max_epochs=15, early_stop) ...
    ep 01/15 | train_loss=0.5819 | val_loss=0.4941
    ep 03/15 | train_loss=0.4194 | val_loss=0.4050
    ep 06/15 | train_loss=0.3908 | val_loss=0.3882
    ep 09/15 | train_loss=0.3822 | val_loss=0.3869
    ep 12/15 | train_loss=0.3687 | val_loss=0.3688
    ep 15/15 | train_loss=0.3608 | val_loss=0.3660
----------------------------------------------------------------------------------------------------
[norm=zscore] building datasets (vectorized) ...
[norm=zscore] Transformer: building seq tensors ...
   Training Transformer (max_epochs=15, early_stop) ...
    ep 01/15 | train_loss=0.5077 | val_loss=0.5020
    ep 03/15 | train_loss=0.4213 | val_loss=0.4102
    ep 06/15 | train_loss=0.3846 | val_loss=0.3703
    ep 09/15 | train_loss=0.3679 | val_loss=0.3767
    early stop at ep=9 (best_val=0.3703)

====================================================================================================
[seed=43] P=120
====================================================================================================
----------------------------------------------------------------------------------------------------
[norm=raw] building datasets (vectorized) ...
[norm=raw] Transformer: building seq tensors ...
   Training Transformer (max_epochs=15, early_stop) ...
    ep 01/15 | train_loss=0.5574 | val_loss=0.4538
    ep 03/15 | train_loss=0.3981 | val_loss=0.3906
    ep 06/15 | train_loss=0.3628 | val_loss=0.3699
    ep 09/15 | train_loss=0.3427 | val_loss=0.3503
    ep 12/15 | train_loss=0.3267 | val_loss=0.3822
    early stop at ep=13 (best_val=0.3288)
----------------------------------------------------------------------------------------------------
[norm=log1p] building datasets (vectorized) ...
[norm=log1p] Transformer: building seq tensors ...
   Training Transformer (max_epochs=15, early_stop) ...
    ep 01/15 | train_loss=0.6340 | val_loss=0.5234
    ep 03/15 | train_loss=0.4046 | val_loss=0.3917
    ep 06/15 | train_loss=0.3688 | val_loss=0.4067
    ep 09/15 | train_loss=0.3459 | val_loss=0.3576
    early stop at ep=11 (best_val=0.3462)
----------------------------------------------------------------------------------------------------
[norm=zscore] building datasets (vectorized) ...
[norm=zscore] Transformer: building seq tensors ...
   Training Transformer (max_epochs=15, early_stop) ...
    ep 01/15 | train_loss=0.5062 | val_loss=0.4377
    ep 03/15 | train_loss=0.3930 | val_loss=0.3822
    ep 06/15 | train_loss=0.3594 | val_loss=0.3586
    ep 09/15 | train_loss=0.3461 | val_loss=0.3599
    ep 12/15 | train_loss=0.3249 | val_loss=0.3617
    early stop at ep=13 (best_val=0.3330)

====================================================================================================
[seed=43] P=130
====================================================================================================
----------------------------------------------------------------------------------------------------
[norm=raw] building datasets (vectorized) ...
[norm=raw] Transformer: building seq tensors ...
   Training Transformer (max_epochs=15, early_stop) ...
    ep 01/15 | train_loss=0.5113 | val_loss=0.4238
    ep 03/15 | train_loss=0.3882 | val_loss=0.3718
    ep 06/15 | train_loss=0.3533 | val_loss=0.3484
    ep 09/15 | train_loss=0.3325 | val_loss=0.3310
    ep 12/15 | train_loss=0.3207 | val_loss=0.3218
    ep 15/15 | train_loss=0.3046 | val_loss=0.3091
----------------------------------------------------------------------------------------------------
[norm=log1p] building datasets (vectorized) ...
[norm=log1p] Transformer: building seq tensors ...
   Training Transformer (max_epochs=15, early_stop) ...
    ep 01/15 | train_loss=0.5777 | val_loss=0.4328
    ep 03/15 | train_loss=0.3888 | val_loss=0.3753
    ep 06/15 | train_loss=0.3561 | val_loss=0.3501
    ep 09/15 | train_loss=0.3419 | val_loss=0.3429
    ep 12/15 | train_loss=0.3265 | val_loss=0.3316
    ep 15/15 | train_loss=0.3194 | val_loss=0.3279
----------------------------------------------------------------------------------------------------
[norm=zscore] building datasets (vectorized) ...
[norm=zscore] Transformer: building seq tensors ...
   Training Transformer (max_epochs=15, early_stop) ...
    ep 01/15 | train_loss=0.4936 | val_loss=0.4475
    ep 03/15 | train_loss=0.3918 | val_loss=0.3815
    ep 06/15 | train_loss=0.3535 | val_loss=0.3471
    ep 09/15 | train_loss=0.3343 | val_loss=0.3303
    ep 12/15 | train_loss=0.3241 | val_loss=0.3303
    early stop at ep=12 (best_val=0.3303)

====================================================================================================
[seed=43] P=140
====================================================================================================
----------------------------------------------------------------------------------------------------
[norm=raw] building datasets (vectorized) ...
[norm=raw] Transformer: building seq tensors ...
   Training Transformer (max_epochs=15, early_stop) ...
    ep 01/15 | train_loss=0.4890 | val_loss=0.4174
    ep 03/15 | train_loss=0.3741 | val_loss=0.3606
    ep 06/15 | train_loss=0.3380 | val_loss=0.3626
    ep 09/15 | train_loss=0.3184 | val_loss=0.3354
    ep 12/15 | train_loss=0.3115 | val_loss=0.3120
    ep 15/15 | train_loss=0.2990 | val_loss=0.3078
----------------------------------------------------------------------------------------------------
[norm=log1p] building datasets (vectorized) ...
[norm=log1p] Transformer: building seq tensors ...
   Training Transformer (max_epochs=15, early_stop) ...
    ep 01/15 | train_loss=0.5538 | val_loss=0.4239
    ep 03/15 | train_loss=0.3788 | val_loss=0.3687
    ep 06/15 | train_loss=0.3414 | val_loss=0.3555
    ep 09/15 | train_loss=0.3304 | val_loss=0.3572
    ep 12/15 | train_loss=0.3184 | val_loss=0.3450
    early stop at ep=13 (best_val=0.3398)
----------------------------------------------------------------------------------------------------
[norm=zscore] building datasets (vectorized) ...
[norm=zscore] Transformer: building seq tensors ...
   Training Transformer (max_epochs=15, early_stop) ...
    ep 01/15 | train_loss=0.4681 | val_loss=0.4050
    ep 03/15 | train_loss=0.3754 | val_loss=0.3771
    ep 06/15 | train_loss=0.3437 | val_loss=0.3464
    ep 09/15 | train_loss=0.3238 | val_loss=0.3332
    ep 12/15 | train_loss=0.3116 | val_loss=0.3131
    ep 15/15 | train_loss=0.2961 | val_loss=0.3093

====================================================================================================
[seed=43] P=150
====================================================================================================
----------------------------------------------------------------------------------------------------
[norm=raw] building datasets (vectorized) ...
[norm=raw] Transformer: building seq tensors ...
   Training Transformer (max_epochs=15, early_stop) ...
    ep 01/15 | train_loss=0.4758 | val_loss=0.3986
    ep 03/15 | train_loss=0.3610 | val_loss=0.3520
    ep 06/15 | train_loss=0.3247 | val_loss=0.3286
    ep 09/15 | train_loss=0.3112 | val_loss=0.3079
    ep 12/15 | train_loss=0.2994 | val_loss=0.3024
    early stop at ep=14 (best_val=0.2995)
----------------------------------------------------------------------------------------------------
[norm=log1p] building datasets (vectorized) ...
[norm=log1p] Transformer: building seq tensors ...
   Training Transformer (max_epochs=15, early_stop) ...
    ep 01/15 | train_loss=0.5335 | val_loss=0.4015
    ep 03/15 | train_loss=0.3633 | val_loss=0.3666
    ep 06/15 | train_loss=0.3313 | val_loss=0.3423
    ep 09/15 | train_loss=0.3193 | val_loss=0.3287
    ep 12/15 | train_loss=0.3084 | val_loss=0.3246
    ep 15/15 | train_loss=0.2998 | val_loss=0.3096
----------------------------------------------------------------------------------------------------
[norm=zscore] building datasets (vectorized) ...
[norm=zscore] Transformer: building seq tensors ...
   Training Transformer (max_epochs=15, early_stop) ...
    ep 01/15 | train_loss=0.4570 | val_loss=0.3945
    ep 03/15 | train_loss=0.3638 | val_loss=0.3752
    ep 06/15 | train_loss=0.3289 | val_loss=0.3376
    ep 09/15 | train_loss=0.3152 | val_loss=0.3081
    ep 12/15 | train_loss=0.2990 | val_loss=0.3230
    early stop at ep=14 (best_val=0.3056)

====================================================================================================
[seed=43] P=200
====================================================================================================
----------------------------------------------------------------------------------------------------
[norm=raw] building datasets (vectorized) ...
[norm=raw] Transformer: building seq tensors ...
   Training Transformer (max_epochs=15, early_stop) ...
    ep 01/15 | train_loss=0.4640 | val_loss=0.3510
    ep 03/15 | train_loss=0.3190 | val_loss=0.3152
    ep 06/15 | train_loss=0.2874 | val_loss=0.2780
    ep 09/15 | train_loss=0.2644 | val_loss=0.3058
    ep 12/15 | train_loss=0.2584 | val_loss=0.2599
    early stop at ep=13 (best_val=0.2598)
----------------------------------------------------------------------------------------------------
[norm=log1p] building datasets (vectorized) ...
[norm=log1p] Transformer: building seq tensors ...
   Training Transformer (max_epochs=15, early_stop) ...
    ep 01/15 | train_loss=0.5543 | val_loss=0.3541
    ep 03/15 | train_loss=0.3183 | val_loss=0.3053
    ep 06/15 | train_loss=0.2897 | val_loss=0.2808
    ep 09/15 | train_loss=0.2718 | val_loss=0.2884
    early stop at ep=11 (best_val=0.2712)
----------------------------------------------------------------------------------------------------
[norm=zscore] building datasets (vectorized) ...
[norm=zscore] Transformer: building seq tensors ...
   Training Transformer (max_epochs=15, early_stop) ...
    ep 01/15 | train_loss=0.4454 | val_loss=0.3788
    ep 03/15 | train_loss=0.3214 | val_loss=0.3158
    ep 06/15 | train_loss=0.2897 | val_loss=0.2862
    ep 09/15 | train_loss=0.2704 | val_loss=0.2927
    ep 12/15 | train_loss=0.2613 | val_loss=0.2587
    ep 15/15 | train_loss=0.2462 | val_loss=0.2566

====================================================================================================
[seed=43] P=300
====================================================================================================
----------------------------------------------------------------------------------------------------
[norm=raw] building datasets (vectorized) ...
[norm=raw] Transformer: building seq tensors ...
   Training Transformer (max_epochs=15, early_stop) ...
    ep 01/15 | train_loss=0.4485 | val_loss=0.3477
    ep 03/15 | train_loss=0.2634 | val_loss=0.2443
    ep 06/15 | train_loss=0.2222 | val_loss=0.2235
    ep 09/15 | train_loss=0.2032 | val_loss=0.2080
    ep 12/15 | train_loss=0.1898 | val_loss=0.1950
    ep 15/15 | train_loss=0.1807 | val_loss=0.1936
----------------------------------------------------------------------------------------------------
[norm=log1p] building datasets (vectorized) ...
[norm=log1p] Transformer: building seq tensors ...
   Training Transformer (max_epochs=15, early_stop) ...
    ep 01/15 | train_loss=0.5260 | val_loss=0.3201
    ep 03/15 | train_loss=0.2607 | val_loss=0.2453
    ep 06/15 | train_loss=0.2234 | val_loss=0.2246
    ep 09/15 | train_loss=0.2037 | val_loss=0.2203
    ep 12/15 | train_loss=0.1957 | val_loss=0.1975
    ep 15/15 | train_loss=0.1839 | val_loss=0.2045
    early stop at ep=15 (best_val=0.1975)
----------------------------------------------------------------------------------------------------
[norm=zscore] building datasets (vectorized) ...
[norm=zscore] Transformer: building seq tensors ...
   Training Transformer (max_epochs=15, early_stop) ...
    ep 01/15 | train_loss=0.4073 | val_loss=0.3242
    ep 03/15 | train_loss=0.2769 | val_loss=0.2568
    ep 06/15 | train_loss=0.2345 | val_loss=0.2292
    ep 09/15 | train_loss=0.2172 | val_loss=0.2205
    ep 12/15 | train_loss=0.1981 | val_loss=0.2087
    ep 15/15 | train_loss=0.1875 | val_loss=0.2085

====================================================================================================
[seed=43] P=400
====================================================================================================
----------------------------------------------------------------------------------------------------
[norm=raw] building datasets (vectorized) ...
[norm=raw] Transformer: building seq tensors ...
   Training Transformer (max_epochs=15, early_stop) ...
    ep 01/15 | train_loss=0.4170 | val_loss=0.3305
    ep 03/15 | train_loss=0.2305 | val_loss=0.1994
    ep 06/15 | train_loss=0.1917 | val_loss=0.1764
    ep 09/15 | train_loss=0.1713 | val_loss=0.1647
    ep 12/15 | train_loss=0.1596 | val_loss=0.1601
    ep 15/15 | train_loss=0.1470 | val_loss=0.1743
----------------------------------------------------------------------------------------------------
[norm=log1p] building datasets (vectorized) ...
[norm=log1p] Transformer: building seq tensors ...
   Training Transformer (max_epochs=15, early_stop) ...
    ep 01/15 | train_loss=0.4780 | val_loss=0.3110
    ep 03/15 | train_loss=0.2305 | val_loss=0.2377
    ep 06/15 | train_loss=0.1843 | val_loss=0.1817
    ep 09/15 | train_loss=0.1651 | val_loss=0.1828
    ep 12/15 | train_loss=0.1515 | val_loss=0.1672
    ep 15/15 | train_loss=0.1439 | val_loss=0.1704
    early stop at ep=15 (best_val=0.1672)
----------------------------------------------------------------------------------------------------
[norm=zscore] building datasets (vectorized) ...
[norm=zscore] Transformer: building seq tensors ...
   Training Transformer (max_epochs=15, early_stop) ...
    ep 01/15 | train_loss=0.3902 | val_loss=0.3132
    ep 03/15 | train_loss=0.2434 | val_loss=0.2149
    ep 06/15 | train_loss=0.2043 | val_loss=0.1983
    ep 09/15 | train_loss=0.1790 | val_loss=0.1826
    ep 12/15 | train_loss=0.1644 | val_loss=0.1757
    early stop at ep=13 (best_val=0.1734)

====================================================================================================
[seed=43] P=500
====================================================================================================
----------------------------------------------------------------------------------------------------
[norm=raw] building datasets (vectorized) ...
[norm=raw] Transformer: building seq tensors ...
   Training Transformer (max_epochs=18, early_stop) ...
    ep 01/18 | train_loss=0.3885 | val_loss=0.2592
    ep 03/18 | train_loss=0.2079 | val_loss=0.1821
    ep 06/18 | train_loss=0.1704 | val_loss=0.1607
    ep 09/18 | train_loss=0.1423 | val_loss=0.1360
    ep 12/18 | train_loss=0.1256 | val_loss=0.1311
    ep 15/18 | train_loss=0.1195 | val_loss=0.1422
    early stop at ep=15 (best_val=0.1311)
----------------------------------------------------------------------------------------------------
[norm=log1p] building datasets (vectorized) ...
[norm=log1p] Transformer: building seq tensors ...
   Training Transformer (max_epochs=18, early_stop) ...
    ep 01/18 | train_loss=0.4835 | val_loss=0.2977
    ep 03/18 | train_loss=0.2023 | val_loss=0.2045
    ep 06/18 | train_loss=0.1541 | val_loss=0.1588
    ep 09/18 | train_loss=0.1327 | val_loss=0.1435
    ep 12/18 | train_loss=0.1193 | val_loss=0.1483
    ep 15/18 | train_loss=0.1145 | val_loss=0.1394
    early stop at ep=17 (best_val=0.1372)
----------------------------------------------------------------------------------------------------
[norm=zscore] building datasets (vectorized) ...
[norm=zscore] Transformer: building seq tensors ...
   Training Transformer (max_epochs=18, early_stop) ...
    ep 01/18 | train_loss=0.3611 | val_loss=0.2463
    ep 03/18 | train_loss=0.2197 | val_loss=0.2036
    ep 06/18 | train_loss=0.1829 | val_loss=0.1713
    ep 09/18 | train_loss=0.1596 | val_loss=0.1576
    ep 12/18 | train_loss=0.1423 | val_loss=0.1699
    ep 15/18 | train_loss=0.1354 | val_loss=0.1511
    ep 18/18 | train_loss=0.1236 | val_loss=0.1419

====================================================================================================
[seed=43] P=600
====================================================================================================
----------------------------------------------------------------------------------------------------
[norm=raw] building datasets (vectorized) ...
[norm=raw] Transformer: building seq tensors ...
   Training Transformer (max_epochs=20, early_stop) ...
    ep 01/20 | train_loss=0.4868 | val_loss=0.2988
    ep 03/20 | train_loss=0.1937 | val_loss=0.1701
    ep 06/20 | train_loss=0.1455 | val_loss=0.1403
    ep 09/20 | train_loss=0.1206 | val_loss=0.1283
    ep 12/20 | train_loss=0.1177 | val_loss=0.1325
    early stop at ep=14 (best_val=0.1233)
----------------------------------------------------------------------------------------------------
[norm=log1p] building datasets (vectorized) ...
[norm=log1p] Transformer: building seq tensors ...
   Training Transformer (max_epochs=20, early_stop) ...
    ep 01/20 | train_loss=0.5049 | val_loss=0.3004
    ep 03/20 | train_loss=0.2094 | val_loss=0.1868
    ep 06/20 | train_loss=0.1521 | val_loss=0.1440
    ep 09/20 | train_loss=0.1351 | val_loss=0.1279
    ep 12/20 | train_loss=0.1203 | val_loss=0.1633
    early stop at ep=13 (best_val=0.1277)
----------------------------------------------------------------------------------------------------
[norm=zscore] building datasets (vectorized) ...
[norm=zscore] Transformer: building seq tensors ...
   Training Transformer (max_epochs=20, early_stop) ...
    ep 01/20 | train_loss=0.3789 | val_loss=0.2497
    ep 03/20 | train_loss=0.1966 | val_loss=0.1926
    ep 06/20 | train_loss=0.1620 | val_loss=0.1666
    ep 09/20 | train_loss=0.1466 | val_loss=0.1469
    ep 12/20 | train_loss=0.1241 | val_loss=0.1511
    ep 15/20 | train_loss=0.1110 | val_loss=0.1440
    early stop at ep=16 (best_val=0.1413)

[5/5] seed done.

##############################################################################################################
[SEED RUN] seed=44
##############################################################################################################

[1/5] form-disjoint split (ID)...
[form split] success try=1: ge2 groups train=4323, test=2465

[2/5] sampling Complex pairs...
  train pairs: same=10000, diff=10000
  ID-test pairs: same=5000, diff=5000
  OOD pairs: same=5000, diff=5000

[3/5] fitting z-score from TRAIN only...

[4/5] train/eval (P x norm x models) ...

====================================================================================================
[seed=44] P=10
====================================================================================================
----------------------------------------------------------------------------------------------------
[norm=raw] building datasets (vectorized) ...
[norm=raw] Transformer: building seq tensors ...
   Training Transformer (max_epochs=15, early_stop) ...
    ep 01/15 | train_loss=0.6778 | val_loss=0.6586
    ep 03/15 | train_loss=0.6351 | val_loss=0.6224
    ep 06/15 | train_loss=0.6244 | val_loss=0.6189
    ep 09/15 | train_loss=0.6212 | val_loss=0.6190
    ep 12/15 | train_loss=0.6180 | val_loss=0.6155
    ep 15/15 | train_loss=0.6160 | val_loss=0.6150
----------------------------------------------------------------------------------------------------
[norm=log1p] building datasets (vectorized) ...
[norm=log1p] Transformer: building seq tensors ...
   Training Transformer (max_epochs=15, early_stop) ...
    ep 01/15 | train_loss=0.6897 | val_loss=0.6773
    ep 03/15 | train_loss=0.6427 | val_loss=0.6326
    ep 06/15 | train_loss=0.6288 | val_loss=0.6234
    ep 09/15 | train_loss=0.6221 | val_loss=0.6175
    ep 12/15 | train_loss=0.6183 | val_loss=0.6170
    ep 15/15 | train_loss=0.6169 | val_loss=0.6172
----------------------------------------------------------------------------------------------------
[norm=zscore] building datasets (vectorized) ...
[norm=zscore] Transformer: building seq tensors ...
   Training Transformer (max_epochs=15, early_stop) ...
    ep 01/15 | train_loss=0.6646 | val_loss=0.6338
    ep 03/15 | train_loss=0.6294 | val_loss=0.6209
    ep 06/15 | train_loss=0.6225 | val_loss=0.6173
    ep 09/15 | train_loss=0.6189 | val_loss=0.6147
    ep 12/15 | train_loss=0.6160 | val_loss=0.6211
    early stop at ep=12 (best_val=0.6147)

====================================================================================================
[seed=44] P=20
====================================================================================================
----------------------------------------------------------------------------------------------------
[norm=raw] building datasets (vectorized) ...
[norm=raw] Transformer: building seq tensors ...
   Training Transformer (max_epochs=15, early_stop) ...
    ep 01/15 | train_loss=0.6396 | val_loss=0.6003
    ep 03/15 | train_loss=0.5895 | val_loss=0.5819
    ep 06/15 | train_loss=0.5679 | val_loss=0.5569
    ep 09/15 | train_loss=0.5582 | val_loss=0.5471
    ep 12/15 | train_loss=0.5533 | val_loss=0.5468
    ep 15/15 | train_loss=0.5482 | val_loss=0.5366
----------------------------------------------------------------------------------------------------
[norm=log1p] building datasets (vectorized) ...
[norm=log1p] Transformer: building seq tensors ...
   Training Transformer (max_epochs=15, early_stop) ...
    ep 01/15 | train_loss=0.6685 | val_loss=0.6198
    ep 03/15 | train_loss=0.5924 | val_loss=0.5857
    ep 06/15 | train_loss=0.5675 | val_loss=0.5591
    ep 09/15 | train_loss=0.5570 | val_loss=0.5490
    ep 12/15 | train_loss=0.5503 | val_loss=0.5444
    ep 15/15 | train_loss=0.5471 | val_loss=0.5442
----------------------------------------------------------------------------------------------------
[norm=zscore] building datasets (vectorized) ...
[norm=zscore] Transformer: building seq tensors ...
   Training Transformer (max_epochs=15, early_stop) ...
    ep 01/15 | train_loss=0.6282 | val_loss=0.5940
    ep 03/15 | train_loss=0.5865 | val_loss=0.5735
    ep 06/15 | train_loss=0.5670 | val_loss=0.5528
    ep 09/15 | train_loss=0.5585 | val_loss=0.5445
    ep 12/15 | train_loss=0.5528 | val_loss=0.5437
    ep 15/15 | train_loss=0.5496 | val_loss=0.5403

====================================================================================================
[seed=44] P=30
====================================================================================================
----------------------------------------------------------------------------------------------------
[norm=raw] building datasets (vectorized) ...
[norm=raw] Transformer: building seq tensors ...
   Training Transformer (max_epochs=15, early_stop) ...
    ep 01/15 | train_loss=0.6347 | val_loss=0.5620
    ep 03/15 | train_loss=0.5551 | val_loss=0.5328
    ep 06/15 | train_loss=0.5303 | val_loss=0.5249
    ep 09/15 | train_loss=0.5156 | val_loss=0.5001
    ep 12/15 | train_loss=0.5095 | val_loss=0.4959
    ep 15/15 | train_loss=0.5050 | val_loss=0.4943
----------------------------------------------------------------------------------------------------
[norm=log1p] building datasets (vectorized) ...
[norm=log1p] Transformer: building seq tensors ...
   Training Transformer (max_epochs=15, early_stop) ...
    ep 01/15 | train_loss=0.6769 | val_loss=0.6142
    ep 03/15 | train_loss=0.5578 | val_loss=0.5340
    ep 06/15 | train_loss=0.5454 | val_loss=0.5260
    ep 09/15 | train_loss=0.5302 | val_loss=0.5136
    ep 12/15 | train_loss=0.5249 | val_loss=0.5032
    ep 15/15 | train_loss=0.5132 | val_loss=0.5072
    early stop at ep=15 (best_val=0.5032)
----------------------------------------------------------------------------------------------------
[norm=zscore] building datasets (vectorized) ...
[norm=zscore] Transformer: building seq tensors ...
   Training Transformer (max_epochs=15, early_stop) ...
    ep 01/15 | train_loss=0.6132 | val_loss=0.5580
    ep 03/15 | train_loss=0.5536 | val_loss=0.5326
    ep 06/15 | train_loss=0.5371 | val_loss=0.5091
    ep 09/15 | train_loss=0.5209 | val_loss=0.5065
    ep 12/15 | train_loss=0.5151 | val_loss=0.4981
    ep 15/15 | train_loss=0.5113 | val_loss=0.5028
    early stop at ep=15 (best_val=0.4981)

====================================================================================================
[seed=44] P=40
====================================================================================================
----------------------------------------------------------------------------------------------------
[norm=raw] building datasets (vectorized) ...
[norm=raw] Transformer: building seq tensors ...
   Training Transformer (max_epochs=15, early_stop) ...
    ep 01/15 | train_loss=0.5887 | val_loss=0.5423
    ep 03/15 | train_loss=0.5223 | val_loss=0.4961
    ep 06/15 | train_loss=0.5003 | val_loss=0.4803
    ep 09/15 | train_loss=0.4889 | val_loss=0.4876
    ep 12/15 | train_loss=0.4802 | val_loss=0.4735
    early stop at ep=13 (best_val=0.4697)
----------------------------------------------------------------------------------------------------
[norm=log1p] building datasets (vectorized) ...
[norm=log1p] Transformer: building seq tensors ...
   Training Transformer (max_epochs=15, early_stop) ...
    ep 01/15 | train_loss=0.6225 | val_loss=0.5391
    ep 03/15 | train_loss=0.5257 | val_loss=0.5027
    ep 06/15 | train_loss=0.5046 | val_loss=0.4845
    ep 09/15 | train_loss=0.4922 | val_loss=0.4779
    ep 12/15 | train_loss=0.4839 | val_loss=0.4721
    early stop at ep=13 (best_val=0.4691)
----------------------------------------------------------------------------------------------------
[norm=zscore] building datasets (vectorized) ...
[norm=zscore] Transformer: building seq tensors ...
   Training Transformer (max_epochs=15, early_stop) ...
    ep 01/15 | train_loss=0.5800 | val_loss=0.5331
    ep 03/15 | train_loss=0.5235 | val_loss=0.4981
    ep 06/15 | train_loss=0.5030 | val_loss=0.4828
    ep 09/15 | train_loss=0.4868 | val_loss=0.4713
    ep 12/15 | train_loss=0.4765 | val_loss=0.4590
    ep 15/15 | train_loss=0.4685 | val_loss=0.4534

====================================================================================================
[seed=44] P=50
====================================================================================================
----------------------------------------------------------------------------------------------------
[norm=raw] building datasets (vectorized) ...
[norm=raw] Transformer: building seq tensors ...
   Training Transformer (max_epochs=15, early_stop) ...
    ep 01/15 | train_loss=0.5798 | val_loss=0.4970
    ep 03/15 | train_loss=0.4961 | val_loss=0.4691
    ep 06/15 | train_loss=0.4671 | val_loss=0.4505
    ep 09/15 | train_loss=0.4525 | val_loss=0.4370
    early stop at ep=11 (best_val=0.4297)
----------------------------------------------------------------------------------------------------
[norm=log1p] building datasets (vectorized) ...
[norm=log1p] Transformer: building seq tensors ...
   Training Transformer (max_epochs=15, early_stop) ...
    ep 01/15 | train_loss=0.6194 | val_loss=0.5054
    ep 03/15 | train_loss=0.4957 | val_loss=0.4643
    ep 06/15 | train_loss=0.4685 | val_loss=0.4576
    ep 09/15 | train_loss=0.4525 | val_loss=0.4302
    ep 12/15 | train_loss=0.4390 | val_loss=0.4207
    ep 15/15 | train_loss=0.4282 | val_loss=0.4071
----------------------------------------------------------------------------------------------------
[norm=zscore] building datasets (vectorized) ...
[norm=zscore] Transformer: building seq tensors ...
   Training Transformer (max_epochs=15, early_stop) ...
    ep 01/15 | train_loss=0.5634 | val_loss=0.4952
    ep 03/15 | train_loss=0.4938 | val_loss=0.4650
    ep 06/15 | train_loss=0.4675 | val_loss=0.4383
    ep 09/15 | train_loss=0.4580 | val_loss=0.4414
    early stop at ep=11 (best_val=0.4308)

====================================================================================================
[seed=44] P=60
====================================================================================================
----------------------------------------------------------------------------------------------------
[norm=raw] building datasets (vectorized) ...
[norm=raw] Transformer: building seq tensors ...
   Training Transformer (max_epochs=15, early_stop) ...
    ep 01/15 | train_loss=0.5667 | val_loss=0.4708
    ep 03/15 | train_loss=0.4880 | val_loss=0.4490
    ep 06/15 | train_loss=0.4562 | val_loss=0.4536
    ep 09/15 | train_loss=0.4432 | val_loss=0.4245
    ep 12/15 | train_loss=0.4285 | val_loss=0.4189
    ep 15/15 | train_loss=0.4196 | val_loss=0.4078
----------------------------------------------------------------------------------------------------
[norm=log1p] building datasets (vectorized) ...
[norm=log1p] Transformer: building seq tensors ...
   Training Transformer (max_epochs=15, early_stop) ...
    ep 01/15 | train_loss=0.6154 | val_loss=0.5024
    ep 03/15 | train_loss=0.4820 | val_loss=0.4479
    ep 06/15 | train_loss=0.4605 | val_loss=0.4416
    early stop at ep=8 (best_val=0.4332)
----------------------------------------------------------------------------------------------------
[norm=zscore] building datasets (vectorized) ...
[norm=zscore] Transformer: building seq tensors ...
   Training Transformer (max_epochs=15, early_stop) ...
    ep 01/15 | train_loss=0.5551 | val_loss=0.4813
    ep 03/15 | train_loss=0.4845 | val_loss=0.4492
    ep 06/15 | train_loss=0.4393 | val_loss=0.4546
    ep 09/15 | train_loss=0.4260 | val_loss=0.4017
    ep 12/15 | train_loss=0.4130 | val_loss=0.4024
    ep 15/15 | train_loss=0.4078 | val_loss=0.3881

====================================================================================================
[seed=44] P=70
====================================================================================================
----------------------------------------------------------------------------------------------------
[norm=raw] building datasets (vectorized) ...
[norm=raw] Transformer: building seq tensors ...
   Training Transformer (max_epochs=15, early_stop) ...
    ep 01/15 | train_loss=0.5535 | val_loss=0.4462
    ep 03/15 | train_loss=0.4679 | val_loss=0.4257
    ep 06/15 | train_loss=0.4457 | val_loss=0.4073
    ep 09/15 | train_loss=0.4365 | val_loss=0.4278
    ep 12/15 | train_loss=0.4229 | val_loss=0.3920
    ep 15/15 | train_loss=0.4146 | val_loss=0.3880
----------------------------------------------------------------------------------------------------
[norm=log1p] building datasets (vectorized) ...
[norm=log1p] Transformer: building seq tensors ...
   Training Transformer (max_epochs=15, early_stop) ...
    ep 01/15 | train_loss=0.5938 | val_loss=0.4488
    ep 03/15 | train_loss=0.4613 | val_loss=0.4207
    ep 06/15 | train_loss=0.4450 | val_loss=0.4120
    ep 09/15 | train_loss=0.4354 | val_loss=0.4055
    ep 12/15 | train_loss=0.4252 | val_loss=0.4043
    ep 15/15 | train_loss=0.4143 | val_loss=0.3871
----------------------------------------------------------------------------------------------------
[norm=zscore] building datasets (vectorized) ...
[norm=zscore] Transformer: building seq tensors ...
   Training Transformer (max_epochs=15, early_stop) ...
    ep 01/15 | train_loss=0.5396 | val_loss=0.4648
    ep 03/15 | train_loss=0.4740 | val_loss=0.4383
    ep 06/15 | train_loss=0.4441 | val_loss=0.4138
    ep 09/15 | train_loss=0.4326 | val_loss=0.4124
    ep 12/15 | train_loss=0.4208 | val_loss=0.3929
    ep 15/15 | train_loss=0.4106 | val_loss=0.3847

====================================================================================================
[seed=44] P=80
====================================================================================================
----------------------------------------------------------------------------------------------------
[norm=raw] building datasets (vectorized) ...
[norm=raw] Transformer: building seq tensors ...
   Training Transformer (max_epochs=15, early_stop) ...
    ep 01/15 | train_loss=0.5405 | val_loss=0.4427
    ep 03/15 | train_loss=0.4555 | val_loss=0.4057
    ep 06/15 | train_loss=0.4283 | val_loss=0.4086
    ep 09/15 | train_loss=0.4110 | val_loss=0.4159
    ep 12/15 | train_loss=0.3948 | val_loss=0.3844
    early stop at ep=13 (best_val=0.3697)
----------------------------------------------------------------------------------------------------
[norm=log1p] building datasets (vectorized) ...
[norm=log1p] Transformer: building seq tensors ...
   Training Transformer (max_epochs=15, early_stop) ...
    ep 01/15 | train_loss=0.5884 | val_loss=0.4471
    ep 03/15 | train_loss=0.4448 | val_loss=0.3948
    ep 06/15 | train_loss=0.4175 | val_loss=0.4046
    ep 09/15 | train_loss=0.4022 | val_loss=0.4158
    ep 12/15 | train_loss=0.3923 | val_loss=0.3898
    ep 15/15 | train_loss=0.3781 | val_loss=0.3574
----------------------------------------------------------------------------------------------------
[norm=zscore] building datasets (vectorized) ...
[norm=zscore] Transformer: building seq tensors ...
   Training Transformer (max_epochs=15, early_stop) ...
    ep 01/15 | train_loss=0.5270 | val_loss=0.4481
    ep 03/15 | train_loss=0.4658 | val_loss=0.4233
    ep 06/15 | train_loss=0.4334 | val_loss=0.4420
    ep 09/15 | train_loss=0.4092 | val_loss=0.4111
    early stop at ep=11 (best_val=0.3803)

====================================================================================================
[seed=44] P=90
====================================================================================================
----------------------------------------------------------------------------------------------------
[norm=raw] building datasets (vectorized) ...
[norm=raw] Transformer: building seq tensors ...
   Training Transformer (max_epochs=15, early_stop) ...
    ep 01/15 | train_loss=0.5508 | val_loss=0.4398
    ep 03/15 | train_loss=0.4391 | val_loss=0.3942
    ep 06/15 | train_loss=0.4135 | val_loss=0.3819
    early stop at ep=7 (best_val=0.3800)
----------------------------------------------------------------------------------------------------
[norm=log1p] building datasets (vectorized) ...
[norm=log1p] Transformer: building seq tensors ...
   Training Transformer (max_epochs=15, early_stop) ...
    ep 01/15 | train_loss=0.6120 | val_loss=0.4596
    ep 03/15 | train_loss=0.4355 | val_loss=0.3795
    ep 06/15 | train_loss=0.4079 | val_loss=0.3660
    ep 09/15 | train_loss=0.3921 | val_loss=0.3638
    ep 12/15 | train_loss=0.3746 | val_loss=0.3490
    ep 15/15 | train_loss=0.3678 | val_loss=0.3736
----------------------------------------------------------------------------------------------------
[norm=zscore] building datasets (vectorized) ...
[norm=zscore] Transformer: building seq tensors ...
   Training Transformer (max_epochs=15, early_stop) ...
    ep 01/15 | train_loss=0.5381 | val_loss=0.4471
    ep 03/15 | train_loss=0.4463 | val_loss=0.3962
    ep 06/15 | train_loss=0.4121 | val_loss=0.3827
    ep 09/15 | train_loss=0.3930 | val_loss=0.3583
    ep 12/15 | train_loss=0.3820 | val_loss=0.3550
    early stop at ep=13 (best_val=0.3525)

====================================================================================================
[seed=44] P=100
====================================================================================================
----------------------------------------------------------------------------------------------------
[norm=raw] building datasets (vectorized) ...
[norm=raw] Transformer: building seq tensors ...
   Training Transformer (max_epochs=15, early_stop) ...
    ep 01/15 | train_loss=0.5342 | val_loss=0.4179
    ep 03/15 | train_loss=0.4268 | val_loss=0.3842
    ep 06/15 | train_loss=0.3882 | val_loss=0.3579
    ep 09/15 | train_loss=0.3693 | val_loss=0.3658
    ep 12/15 | train_loss=0.3514 | val_loss=0.3365
    ep 15/15 | train_loss=0.3400 | val_loss=0.3358
----------------------------------------------------------------------------------------------------
[norm=log1p] building datasets (vectorized) ...
[norm=log1p] Transformer: building seq tensors ...
   Training Transformer (max_epochs=15, early_stop) ...
    ep 01/15 | train_loss=0.5909 | val_loss=0.4228
    ep 03/15 | train_loss=0.4166 | val_loss=0.3758
    ep 06/15 | train_loss=0.3890 | val_loss=0.3564
    ep 09/15 | train_loss=0.3752 | val_loss=0.3437
    ep 12/15 | train_loss=0.3626 | val_loss=0.3380
    ep 15/15 | train_loss=0.3545 | val_loss=0.3336
----------------------------------------------------------------------------------------------------
[norm=zscore] building datasets (vectorized) ...
[norm=zscore] Transformer: building seq tensors ...
   Training Transformer (max_epochs=15, early_stop) ...
    ep 01/15 | train_loss=0.5103 | val_loss=0.4214
    ep 03/15 | train_loss=0.4252 | val_loss=0.3743
    ep 06/15 | train_loss=0.3870 | val_loss=0.3668
    ep 09/15 | train_loss=0.3634 | val_loss=0.3360
    ep 12/15 | train_loss=0.3483 | val_loss=0.3280
    ep 15/15 | train_loss=0.3357 | val_loss=0.3247

====================================================================================================
[seed=44] P=110
====================================================================================================
----------------------------------------------------------------------------------------------------
[norm=raw] building datasets (vectorized) ...
[norm=raw] Transformer: building seq tensors ...
   Training Transformer (max_epochs=15, early_stop) ...
    ep 01/15 | train_loss=0.5082 | val_loss=0.4097
    ep 03/15 | train_loss=0.4151 | val_loss=0.3848
    ep 06/15 | train_loss=0.3722 | val_loss=0.3688
    ep 09/15 | train_loss=0.3539 | val_loss=0.3546
    ep 12/15 | train_loss=0.3443 | val_loss=0.3292
    ep 15/15 | train_loss=0.3293 | val_loss=0.3264
----------------------------------------------------------------------------------------------------
[norm=log1p] building datasets (vectorized) ...
[norm=log1p] Transformer: building seq tensors ...
   Training Transformer (max_epochs=15, early_stop) ...
    ep 01/15 | train_loss=0.5502 | val_loss=0.4113
    ep 03/15 | train_loss=0.4100 | val_loss=0.3825
    ep 06/15 | train_loss=0.3797 | val_loss=0.3548
    ep 09/15 | train_loss=0.3656 | val_loss=0.3497
    ep 12/15 | train_loss=0.3537 | val_loss=0.3417
    ep 15/15 | train_loss=0.3473 | val_loss=0.3340
----------------------------------------------------------------------------------------------------
[norm=zscore] building datasets (vectorized) ...
[norm=zscore] Transformer: building seq tensors ...
   Training Transformer (max_epochs=15, early_stop) ...
    ep 01/15 | train_loss=0.4930 | val_loss=0.4122
    ep 03/15 | train_loss=0.4239 | val_loss=0.3916
    ep 06/15 | train_loss=0.3809 | val_loss=0.3652
    ep 09/15 | train_loss=0.3636 | val_loss=0.3544
    ep 12/15 | train_loss=0.3506 | val_loss=0.3394
    ep 15/15 | train_loss=0.3414 | val_loss=0.3343

====================================================================================================
[seed=44] P=120
====================================================================================================
----------------------------------------------------------------------------------------------------
[norm=raw] building datasets (vectorized) ...
[norm=raw] Transformer: building seq tensors ...
   Training Transformer (max_epochs=15, early_stop) ...
    ep 01/15 | train_loss=0.5130 | val_loss=0.4152
    ep 03/15 | train_loss=0.4059 | val_loss=0.3878
    ep 06/15 | train_loss=0.3697 | val_loss=0.3431
    ep 09/15 | train_loss=0.3470 | val_loss=0.3296
    ep 12/15 | train_loss=0.3335 | val_loss=0.3164
    ep 15/15 | train_loss=0.3273 | val_loss=0.3178
----------------------------------------------------------------------------------------------------
[norm=log1p] building datasets (vectorized) ...
[norm=log1p] Transformer: building seq tensors ...
   Training Transformer (max_epochs=15, early_stop) ...
    ep 01/15 | train_loss=0.5713 | val_loss=0.4172
    ep 03/15 | train_loss=0.4111 | val_loss=0.3754
    ep 06/15 | train_loss=0.3712 | val_loss=0.3444
    ep 09/15 | train_loss=0.3569 | val_loss=0.3334
    ep 12/15 | train_loss=0.3415 | val_loss=0.3236
    ep 15/15 | train_loss=0.3337 | val_loss=0.3431
----------------------------------------------------------------------------------------------------
[norm=zscore] building datasets (vectorized) ...
[norm=zscore] Transformer: building seq tensors ...
   Training Transformer (max_epochs=15, early_stop) ...
    ep 01/15 | train_loss=0.4834 | val_loss=0.4023
    ep 03/15 | train_loss=0.4124 | val_loss=0.3782
    ep 06/15 | train_loss=0.3758 | val_loss=0.3417
    ep 09/15 | train_loss=0.3531 | val_loss=0.3328
    ep 12/15 | train_loss=0.3413 | val_loss=0.3179
    ep 15/15 | train_loss=0.3308 | val_loss=0.3266

====================================================================================================
[seed=44] P=130
====================================================================================================
----------------------------------------------------------------------------------------------------
[norm=raw] building datasets (vectorized) ...
[norm=raw] Transformer: building seq tensors ...
   Training Transformer (max_epochs=15, early_stop) ...
    ep 01/15 | train_loss=0.4940 | val_loss=0.3836
    ep 03/15 | train_loss=0.3792 | val_loss=0.3525
    ep 06/15 | train_loss=0.3412 | val_loss=0.3238
    ep 09/15 | train_loss=0.3184 | val_loss=0.3265
    ep 12/15 | train_loss=0.3074 | val_loss=0.3124
    ep 15/15 | train_loss=0.2948 | val_loss=0.3016
----------------------------------------------------------------------------------------------------
[norm=log1p] building datasets (vectorized) ...
[norm=log1p] Transformer: building seq tensors ...
   Training Transformer (max_epochs=15, early_stop) ...
    ep 01/15 | train_loss=0.5706 | val_loss=0.4055
    ep 03/15 | train_loss=0.3822 | val_loss=0.3518
    ep 06/15 | train_loss=0.3553 | val_loss=0.3341
    ep 09/15 | train_loss=0.3344 | val_loss=0.3237
    early stop at ep=11 (best_val=0.3218)
----------------------------------------------------------------------------------------------------
[norm=zscore] building datasets (vectorized) ...
[norm=zscore] Transformer: building seq tensors ...
   Training Transformer (max_epochs=15, early_stop) ...
    ep 01/15 | train_loss=0.4823 | val_loss=0.3823
    ep 03/15 | train_loss=0.3854 | val_loss=0.3356
    ep 06/15 | train_loss=0.3502 | val_loss=0.3284
    ep 09/15 | train_loss=0.3264 | val_loss=0.3214
    ep 12/15 | train_loss=0.3160 | val_loss=0.3200
    early stop at ep=14 (best_val=0.3085)

====================================================================================================
[seed=44] P=140
====================================================================================================
----------------------------------------------------------------------------------------------------
[norm=raw] building datasets (vectorized) ...
[norm=raw] Transformer: building seq tensors ...
   Training Transformer (max_epochs=15, early_stop) ...
    ep 01/15 | train_loss=0.4857 | val_loss=0.3831
    ep 03/15 | train_loss=0.3691 | val_loss=0.3404
    ep 06/15 | train_loss=0.3338 | val_loss=0.3224
    ep 09/15 | train_loss=0.3171 | val_loss=0.3069
    ep 12/15 | train_loss=0.3013 | val_loss=0.2962
    ep 15/15 | train_loss=0.2898 | val_loss=0.2990
    early stop at ep=15 (best_val=0.2962)
----------------------------------------------------------------------------------------------------
[norm=log1p] building datasets (vectorized) ...
[norm=log1p] Transformer: building seq tensors ...
   Training Transformer (max_epochs=15, early_stop) ...
    ep 01/15 | train_loss=0.5460 | val_loss=0.3914
    ep 03/15 | train_loss=0.3714 | val_loss=0.3406
    ep 06/15 | train_loss=0.3366 | val_loss=0.3108
    ep 09/15 | train_loss=0.3206 | val_loss=0.3066
    ep 12/15 | train_loss=0.3119 | val_loss=0.2975
    ep 15/15 | train_loss=0.2997 | val_loss=0.2979
----------------------------------------------------------------------------------------------------
[norm=zscore] building datasets (vectorized) ...
[norm=zscore] Transformer: building seq tensors ...
   Training Transformer (max_epochs=15, early_stop) ...
    ep 01/15 | train_loss=0.4725 | val_loss=0.3853
    ep 03/15 | train_loss=0.3762 | val_loss=0.3460
    ep 06/15 | train_loss=0.3393 | val_loss=0.3158
    ep 09/15 | train_loss=0.3192 | val_loss=0.3146
    ep 12/15 | train_loss=0.3035 | val_loss=0.3063
    ep 15/15 | train_loss=0.2907 | val_loss=0.3262
    early stop at ep=15 (best_val=0.3063)

====================================================================================================
[seed=44] P=150
====================================================================================================
----------------------------------------------------------------------------------------------------
[norm=raw] building datasets (vectorized) ...
[norm=raw] Transformer: building seq tensors ...
   Training Transformer (max_epochs=15, early_stop) ...
    ep 01/15 | train_loss=0.4910 | val_loss=0.3591
    ep 03/15 | train_loss=0.3580 | val_loss=0.3329
    ep 06/15 | train_loss=0.3212 | val_loss=0.3358
    ep 09/15 | train_loss=0.3018 | val_loss=0.3118
    ep 12/15 | train_loss=0.2834 | val_loss=0.2889
    ep 15/15 | train_loss=0.2742 | val_loss=0.2856
----------------------------------------------------------------------------------------------------
[norm=log1p] building datasets (vectorized) ...
[norm=log1p] Transformer: building seq tensors ...
   Training Transformer (max_epochs=15, early_stop) ...
    ep 01/15 | train_loss=0.5633 | val_loss=0.3775
    ep 03/15 | train_loss=0.3616 | val_loss=0.3258
    ep 06/15 | train_loss=0.3238 | val_loss=0.3137
    ep 09/15 | train_loss=0.3072 | val_loss=0.2982
    ep 12/15 | train_loss=0.2948 | val_loss=0.2911
    ep 15/15 | train_loss=0.2877 | val_loss=0.3272
----------------------------------------------------------------------------------------------------
[norm=zscore] building datasets (vectorized) ...
[norm=zscore] Transformer: building seq tensors ...
   Training Transformer (max_epochs=15, early_stop) ...
    ep 01/15 | train_loss=0.4810 | val_loss=0.3706
    ep 03/15 | train_loss=0.3728 | val_loss=0.3226
    ep 06/15 | train_loss=0.3233 | val_loss=0.3010
    ep 09/15 | train_loss=0.3067 | val_loss=0.2918
    ep 12/15 | train_loss=0.2880 | val_loss=0.2793
    ep 15/15 | train_loss=0.2736 | val_loss=0.2763

====================================================================================================
[seed=44] P=200
====================================================================================================
----------------------------------------------------------------------------------------------------
[norm=raw] building datasets (vectorized) ...
[norm=raw] Transformer: building seq tensors ...
   Training Transformer (max_epochs=15, early_stop) ...
    ep 01/15 | train_loss=0.4503 | val_loss=0.3302
    ep 03/15 | train_loss=0.3268 | val_loss=0.3038
    ep 06/15 | train_loss=0.2781 | val_loss=0.2670
    ep 09/15 | train_loss=0.2593 | val_loss=0.2550
    ep 12/15 | train_loss=0.2419 | val_loss=0.2427
    ep 15/15 | train_loss=0.2342 | val_loss=0.2448
    early stop at ep=15 (best_val=0.2427)
----------------------------------------------------------------------------------------------------
[norm=log1p] building datasets (vectorized) ...
[norm=log1p] Transformer: building seq tensors ...
   Training Transformer (max_epochs=15, early_stop) ...
    ep 01/15 | train_loss=0.5021 | val_loss=0.3252
    ep 03/15 | train_loss=0.3232 | val_loss=0.2891
    ep 06/15 | train_loss=0.2883 | val_loss=0.2682
    ep 09/15 | train_loss=0.2653 | val_loss=0.2581
    ep 12/15 | train_loss=0.2553 | val_loss=0.2577
    early stop at ep=13 (best_val=0.2509)
----------------------------------------------------------------------------------------------------
[norm=zscore] building datasets (vectorized) ...
[norm=zscore] Transformer: building seq tensors ...
   Training Transformer (max_epochs=15, early_stop) ...
    ep 01/15 | train_loss=0.4413 | val_loss=0.3240
    ep 03/15 | train_loss=0.3323 | val_loss=0.2866
    ep 06/15 | train_loss=0.2935 | val_loss=0.2770
    ep 09/15 | train_loss=0.2718 | val_loss=0.2623
    early stop at ep=11 (best_val=0.2542)

====================================================================================================
[seed=44] P=300
====================================================================================================
----------------------------------------------------------------------------------------------------
[norm=raw] building datasets (vectorized) ...
[norm=raw] Transformer: building seq tensors ...
   Training Transformer (max_epochs=15, early_stop) ...
    ep 01/15 | train_loss=0.4243 | val_loss=0.2789
    ep 03/15 | train_loss=0.2714 | val_loss=0.2407
    ep 06/15 | train_loss=0.2258 | val_loss=0.2168
    ep 09/15 | train_loss=0.2027 | val_loss=0.1858
    ep 12/15 | train_loss=0.1882 | val_loss=0.1836
    ep 15/15 | train_loss=0.1797 | val_loss=0.1845
----------------------------------------------------------------------------------------------------
[norm=log1p] building datasets (vectorized) ...
[norm=log1p] Transformer: building seq tensors ...
   Training Transformer (max_epochs=15, early_stop) ...
    ep 01/15 | train_loss=0.4798 | val_loss=0.2837
    ep 03/15 | train_loss=0.2751 | val_loss=0.2507
    ep 06/15 | train_loss=0.2332 | val_loss=0.2072
    ep 09/15 | train_loss=0.2150 | val_loss=0.2105
    ep 12/15 | train_loss=0.2008 | val_loss=0.1922
    ep 15/15 | train_loss=0.1901 | val_loss=0.1897
----------------------------------------------------------------------------------------------------
[norm=zscore] building datasets (vectorized) ...
[norm=zscore] Transformer: building seq tensors ...
   Training Transformer (max_epochs=15, early_stop) ...
    ep 01/15 | train_loss=0.3930 | val_loss=0.2666
    ep 03/15 | train_loss=0.2770 | val_loss=0.2282
    ep 06/15 | train_loss=0.2388 | val_loss=0.2280
    ep 09/15 | train_loss=0.2267 | val_loss=0.1920
    ep 12/15 | train_loss=0.2002 | val_loss=0.1941
    early stop at ep=12 (best_val=0.1920)

====================================================================================================
[seed=44] P=400
====================================================================================================
----------------------------------------------------------------------------------------------------
[norm=raw] building datasets (vectorized) ...
[norm=raw] Transformer: building seq tensors ...
   Training Transformer (max_epochs=15, early_stop) ...
    ep 01/15 | train_loss=0.3831 | val_loss=0.3080
    ep 03/15 | train_loss=0.2313 | val_loss=0.2009
    ep 06/15 | train_loss=0.1946 | val_loss=0.1791
    ep 09/15 | train_loss=0.1781 | val_loss=0.2257
    early stop at ep=10 (best_val=0.1651)
----------------------------------------------------------------------------------------------------
[norm=log1p] building datasets (vectorized) ...
[norm=log1p] Transformer: building seq tensors ...
   Training Transformer (max_epochs=15, early_stop) ...
    ep 01/15 | train_loss=0.4372 | val_loss=0.2793
    ep 03/15 | train_loss=0.2235 | val_loss=0.2036
    ep 06/15 | train_loss=0.1871 | val_loss=0.1909
    ep 09/15 | train_loss=0.1656 | val_loss=0.1846
    ep 12/15 | train_loss=0.1486 | val_loss=0.1647
    ep 15/15 | train_loss=0.1425 | val_loss=0.1765
----------------------------------------------------------------------------------------------------
[norm=zscore] building datasets (vectorized) ...
[norm=zscore] Transformer: building seq tensors ...
   Training Transformer (max_epochs=15, early_stop) ...
    ep 01/15 | train_loss=0.3706 | val_loss=0.2458
    ep 03/15 | train_loss=0.2337 | val_loss=0.2063
    ep 06/15 | train_loss=0.1965 | val_loss=0.1851
    ep 09/15 | train_loss=0.1707 | val_loss=0.1602
    ep 12/15 | train_loss=0.1524 | val_loss=0.1596
    ep 15/15 | train_loss=0.1479 | val_loss=0.1672

====================================================================================================
[seed=44] P=500
====================================================================================================
----------------------------------------------------------------------------------------------------
[norm=raw] building datasets (vectorized) ...
[norm=raw] Transformer: building seq tensors ...
   Training Transformer (max_epochs=18, early_stop) ...
    ep 01/18 | train_loss=0.3683 | val_loss=0.2523
    ep 03/18 | train_loss=0.1962 | val_loss=0.1721
    ep 06/18 | train_loss=0.1534 | val_loss=0.1495
    ep 09/18 | train_loss=0.1296 | val_loss=0.1607
    ep 12/18 | train_loss=0.1108 | val_loss=0.1450
    early stop at ep=13 (best_val=0.1387)
----------------------------------------------------------------------------------------------------
[norm=log1p] building datasets (vectorized) ...
[norm=log1p] Transformer: building seq tensors ...
   Training Transformer (max_epochs=18, early_stop) ...
    ep 01/18 | train_loss=0.4522 | val_loss=0.2353
    ep 03/18 | train_loss=0.2035 | val_loss=0.1868
    ep 06/18 | train_loss=0.1635 | val_loss=0.1600
    ep 09/18 | train_loss=0.1389 | val_loss=0.1513
    ep 12/18 | train_loss=0.1234 | val_loss=0.1728
    ep 15/18 | train_loss=0.1159 | val_loss=0.1558
    early stop at ep=17 (best_val=0.1418)
----------------------------------------------------------------------------------------------------
[norm=zscore] building datasets (vectorized) ...
[norm=zscore] Transformer: building seq tensors ...
   Training Transformer (max_epochs=18, early_stop) ...
    ep 01/18 | train_loss=0.3488 | val_loss=0.2569
    ep 03/18 | train_loss=0.2126 | val_loss=0.1849
    ep 06/18 | train_loss=0.1769 | val_loss=0.1673
    ep 09/18 | train_loss=0.1518 | val_loss=0.1737
    ep 12/18 | train_loss=0.1391 | val_loss=0.1458
    ep 15/18 | train_loss=0.1259 | val_loss=0.1874
    ep 18/18 | train_loss=0.1146 | val_loss=0.1556

====================================================================================================
[seed=44] P=600
====================================================================================================
----------------------------------------------------------------------------------------------------
[norm=raw] building datasets (vectorized) ...
[norm=raw] Transformer: building seq tensors ...
   Training Transformer (max_epochs=20, early_stop) ...
    ep 01/20 | train_loss=0.3786 | val_loss=0.2647
    ep 03/20 | train_loss=0.1855 | val_loss=0.1813
    ep 06/20 | train_loss=0.1392 | val_loss=0.1455
    ep 09/20 | train_loss=0.1185 | val_loss=0.1269
    ep 12/20 | train_loss=0.1095 | val_loss=0.1215
    ep 15/20 | train_loss=0.0916 | val_loss=0.1474
    ep 18/20 | train_loss=0.0807 | val_loss=0.1089
    early stop at ep=19 (best_val=0.1024)
----------------------------------------------------------------------------------------------------
[norm=log1p] building datasets (vectorized) ...
[norm=log1p] Transformer: building seq tensors ...
   Training Transformer (max_epochs=20, early_stop) ...
    ep 01/20 | train_loss=0.4427 | val_loss=0.2268
    ep 03/20 | train_loss=0.1878 | val_loss=0.1743
    ep 06/20 | train_loss=0.1414 | val_loss=0.1265
    ep 09/20 | train_loss=0.1172 | val_loss=0.1434
    ep 12/20 | train_loss=0.1014 | val_loss=0.1049
    ep 15/20 | train_loss=0.0947 | val_loss=0.1108
    early stop at ep=15 (best_val=0.1049)
----------------------------------------------------------------------------------------------------
[norm=zscore] building datasets (vectorized) ...
[norm=zscore] Transformer: building seq tensors ...
   Training Transformer (max_epochs=20, early_stop) ...
    ep 01/20 | train_loss=0.3493 | val_loss=0.2010
    ep 03/20 | train_loss=0.2033 | val_loss=0.2159
    ep 06/20 | train_loss=0.1647 | val_loss=0.1427
    ep 09/20 | train_loss=0.1369 | val_loss=0.1376
    ep 12/20 | train_loss=0.1201 | val_loss=0.1214
    ep 15/20 | train_loss=0.1120 | val_loss=0.1434
    early stop at ep=16 (best_val=0.1155)

[5/5] seed done.

##############################################################################################################
[SEED RUN] seed=45
##############################################################################################################

[1/5] form-disjoint split (ID)...
[form split] success try=1: ge2 groups train=4296, test=2454

[2/5] sampling Complex pairs...
  train pairs: same=10000, diff=10000
  ID-test pairs: same=5000, diff=5000
  OOD pairs: same=5000, diff=5000

[3/5] fitting z-score from TRAIN only...

[4/5] train/eval (P x norm x models) ...

====================================================================================================
[seed=45] P=10
====================================================================================================
----------------------------------------------------------------------------------------------------
[norm=raw] building datasets (vectorized) ...
[norm=raw] Transformer: building seq tensors ...
   Training Transformer (max_epochs=15, early_stop) ...
    ep 01/15 | train_loss=0.6778 | val_loss=0.6552
    ep 03/15 | train_loss=0.6338 | val_loss=0.6364
    ep 06/15 | train_loss=0.6241 | val_loss=0.6301
    ep 09/15 | train_loss=0.6228 | val_loss=0.6306
    ep 12/15 | train_loss=0.6196 | val_loss=0.6272
    ep 15/15 | train_loss=0.6188 | val_loss=0.6238
----------------------------------------------------------------------------------------------------
[norm=log1p] building datasets (vectorized) ...
[norm=log1p] Transformer: building seq tensors ...
   Training Transformer (max_epochs=15, early_stop) ...
    ep 01/15 | train_loss=0.6910 | val_loss=0.6816
    ep 03/15 | train_loss=0.6524 | val_loss=0.6500
    ep 06/15 | train_loss=0.6297 | val_loss=0.6378
    ep 09/15 | train_loss=0.6250 | val_loss=0.6281
    ep 12/15 | train_loss=0.6201 | val_loss=0.6305
    ep 15/15 | train_loss=0.6187 | val_loss=0.6242
----------------------------------------------------------------------------------------------------
[norm=zscore] building datasets (vectorized) ...
[norm=zscore] Transformer: building seq tensors ...
   Training Transformer (max_epochs=15, early_stop) ...
    ep 01/15 | train_loss=0.6642 | val_loss=0.6503
    ep 03/15 | train_loss=0.6338 | val_loss=0.6357
    ep 06/15 | train_loss=0.6236 | val_loss=0.6335
    early stop at ep=8 (best_val=0.6311)

====================================================================================================
[seed=45] P=20
====================================================================================================
----------------------------------------------------------------------------------------------------
[norm=raw] building datasets (vectorized) ...
[norm=raw] Transformer: building seq tensors ...
   Training Transformer (max_epochs=15, early_stop) ...
    ep 01/15 | train_loss=0.6474 | val_loss=0.6239
    ep 03/15 | train_loss=0.5897 | val_loss=0.5788
    ep 06/15 | train_loss=0.5630 | val_loss=0.5694
    ep 09/15 | train_loss=0.5562 | val_loss=0.5620
    ep 12/15 | train_loss=0.5511 | val_loss=0.5483
    ep 15/15 | train_loss=0.5464 | val_loss=0.5496
----------------------------------------------------------------------------------------------------
[norm=log1p] building datasets (vectorized) ...
[norm=log1p] Transformer: building seq tensors ...
   Training Transformer (max_epochs=15, early_stop) ...
    ep 01/15 | train_loss=0.6754 | val_loss=0.6331
    ep 03/15 | train_loss=0.6117 | val_loss=0.6077
    ep 06/15 | train_loss=0.5933 | val_loss=0.5920
    ep 09/15 | train_loss=0.5798 | val_loss=0.5840
    ep 12/15 | train_loss=0.5717 | val_loss=0.5778
    ep 15/15 | train_loss=0.5668 | val_loss=0.5771
----------------------------------------------------------------------------------------------------
[norm=zscore] building datasets (vectorized) ...
[norm=zscore] Transformer: building seq tensors ...
   Training Transformer (max_epochs=15, early_stop) ...
    ep 01/15 | train_loss=0.6365 | val_loss=0.6269
    ep 03/15 | train_loss=0.5961 | val_loss=0.5881
    ep 06/15 | train_loss=0.5670 | val_loss=0.5629
    ep 09/15 | train_loss=0.5585 | val_loss=0.5684
    ep 12/15 | train_loss=0.5536 | val_loss=0.5534
    ep 15/15 | train_loss=0.5482 | val_loss=0.5545

====================================================================================================
[seed=45] P=30
====================================================================================================
----------------------------------------------------------------------------------------------------
[norm=raw] building datasets (vectorized) ...
[norm=raw] Transformer: building seq tensors ...
   Training Transformer (max_epochs=15, early_stop) ...
    ep 01/15 | train_loss=0.6163 | val_loss=0.5807
    ep 03/15 | train_loss=0.5585 | val_loss=0.5432
    ep 06/15 | train_loss=0.5344 | val_loss=0.5394
    ep 09/15 | train_loss=0.5234 | val_loss=0.5175
    ep 12/15 | train_loss=0.5158 | val_loss=0.5117
    ep 15/15 | train_loss=0.5080 | val_loss=0.5138
----------------------------------------------------------------------------------------------------
[norm=log1p] building datasets (vectorized) ...
[norm=log1p] Transformer: building seq tensors ...
   Training Transformer (max_epochs=15, early_stop) ...
    ep 01/15 | train_loss=0.6532 | val_loss=0.5872
    ep 03/15 | train_loss=0.5596 | val_loss=0.5466
    ep 06/15 | train_loss=0.5426 | val_loss=0.5399
    ep 09/15 | train_loss=0.5337 | val_loss=0.5270
    ep 12/15 | train_loss=0.5264 | val_loss=0.5212
    ep 15/15 | train_loss=0.5165 | val_loss=0.5175
----------------------------------------------------------------------------------------------------
[norm=zscore] building datasets (vectorized) ...
[norm=zscore] Transformer: building seq tensors ...
   Training Transformer (max_epochs=15, early_stop) ...
    ep 01/15 | train_loss=0.5988 | val_loss=0.5684
    ep 03/15 | train_loss=0.5477 | val_loss=0.5320
    ep 06/15 | train_loss=0.5247 | val_loss=0.5117
    ep 09/15 | train_loss=0.5114 | val_loss=0.5054
    ep 12/15 | train_loss=0.5007 | val_loss=0.4939
    ep 15/15 | train_loss=0.4927 | val_loss=0.4921

====================================================================================================
[seed=45] P=40
====================================================================================================
----------------------------------------------------------------------------------------------------
[norm=raw] building datasets (vectorized) ...
[norm=raw] Transformer: building seq tensors ...
   Training Transformer (max_epochs=15, early_stop) ...
    ep 01/15 | train_loss=0.5925 | val_loss=0.5398
    ep 03/15 | train_loss=0.5131 | val_loss=0.5081
    ep 06/15 | train_loss=0.4839 | val_loss=0.4892
    ep 09/15 | train_loss=0.4710 | val_loss=0.4685
    ep 12/15 | train_loss=0.4607 | val_loss=0.4631
    ep 15/15 | train_loss=0.4535 | val_loss=0.4570
----------------------------------------------------------------------------------------------------
[norm=log1p] building datasets (vectorized) ...
[norm=log1p] Transformer: building seq tensors ...
   Training Transformer (max_epochs=15, early_stop) ...
    ep 01/15 | train_loss=0.6220 | val_loss=0.5544
    ep 03/15 | train_loss=0.5262 | val_loss=0.5157
    ep 06/15 | train_loss=0.5000 | val_loss=0.4968
    ep 09/15 | train_loss=0.4857 | val_loss=0.4828
    ep 12/15 | train_loss=0.4769 | val_loss=0.4817
    early stop at ep=14 (best_val=0.4815)
----------------------------------------------------------------------------------------------------
[norm=zscore] building datasets (vectorized) ...
[norm=zscore] Transformer: building seq tensors ...
   Training Transformer (max_epochs=15, early_stop) ...
    ep 01/15 | train_loss=0.5706 | val_loss=0.5402
    ep 03/15 | train_loss=0.5076 | val_loss=0.4966
    ep 06/15 | train_loss=0.4814 | val_loss=0.4769
    ep 09/15 | train_loss=0.4643 | val_loss=0.4672
    ep 12/15 | train_loss=0.4555 | val_loss=0.4738
    early stop at ep=12 (best_val=0.4672)

====================================================================================================
[seed=45] P=50
====================================================================================================
----------------------------------------------------------------------------------------------------
[norm=raw] building datasets (vectorized) ...
[norm=raw] Transformer: building seq tensors ...
   Training Transformer (max_epochs=15, early_stop) ...
    ep 01/15 | train_loss=0.5845 | val_loss=0.5185
    ep 03/15 | train_loss=0.4989 | val_loss=0.4866
    ep 06/15 | train_loss=0.4643 | val_loss=0.4550
    ep 09/15 | train_loss=0.4471 | val_loss=0.4372
    ep 12/15 | train_loss=0.4338 | val_loss=0.4386
    early stop at ep=12 (best_val=0.4372)
----------------------------------------------------------------------------------------------------
[norm=log1p] building datasets (vectorized) ...
[norm=log1p] Transformer: building seq tensors ...
   Training Transformer (max_epochs=15, early_stop) ...
    ep 01/15 | train_loss=0.6295 | val_loss=0.5438
    ep 03/15 | train_loss=0.5061 | val_loss=0.4948
    ep 06/15 | train_loss=0.4835 | val_loss=0.4729
    ep 09/15 | train_loss=0.4665 | val_loss=0.4592
    ep 12/15 | train_loss=0.4490 | val_loss=0.4508
    ep 15/15 | train_loss=0.4369 | val_loss=0.4398
----------------------------------------------------------------------------------------------------
[norm=zscore] building datasets (vectorized) ...
[norm=zscore] Transformer: building seq tensors ...
   Training Transformer (max_epochs=15, early_stop) ...
    ep 01/15 | train_loss=0.5690 | val_loss=0.5268
    ep 03/15 | train_loss=0.4927 | val_loss=0.4784
    ep 06/15 | train_loss=0.4646 | val_loss=0.4595
    ep 09/15 | train_loss=0.4469 | val_loss=0.4429
    ep 12/15 | train_loss=0.4363 | val_loss=0.4379
    ep 15/15 | train_loss=0.4286 | val_loss=0.4339

====================================================================================================
[seed=45] P=60
====================================================================================================
----------------------------------------------------------------------------------------------------
[norm=raw] building datasets (vectorized) ...
[norm=raw] Transformer: building seq tensors ...
   Training Transformer (max_epochs=15, early_stop) ...
    ep 01/15 | train_loss=0.5614 | val_loss=0.5094
    ep 03/15 | train_loss=0.4825 | val_loss=0.4726
    ep 06/15 | train_loss=0.4488 | val_loss=0.4504
    ep 09/15 | train_loss=0.4317 | val_loss=0.4347
    ep 12/15 | train_loss=0.4190 | val_loss=0.4303
    ep 15/15 | train_loss=0.4123 | val_loss=0.4379
    early stop at ep=15 (best_val=0.4303)
----------------------------------------------------------------------------------------------------
[norm=log1p] building datasets (vectorized) ...
[norm=log1p] Transformer: building seq tensors ...
   Training Transformer (max_epochs=15, early_stop) ...
    ep 01/15 | train_loss=0.6130 | val_loss=0.5122
    ep 03/15 | train_loss=0.4797 | val_loss=0.4684
    ep 06/15 | train_loss=0.4521 | val_loss=0.4566
    ep 09/15 | train_loss=0.4392 | val_loss=0.4512
    ep 12/15 | train_loss=0.4252 | val_loss=0.4367
    ep 15/15 | train_loss=0.4157 | val_loss=0.4377
----------------------------------------------------------------------------------------------------
[norm=zscore] building datasets (vectorized) ...
[norm=zscore] Transformer: building seq tensors ...
   Training Transformer (max_epochs=15, early_stop) ...
    ep 01/15 | train_loss=0.5467 | val_loss=0.5129
    ep 03/15 | train_loss=0.4840 | val_loss=0.4817
    ep 06/15 | train_loss=0.4504 | val_loss=0.4455
    ep 09/15 | train_loss=0.4289 | val_loss=0.4252
    ep 12/15 | train_loss=0.4198 | val_loss=0.4236
    ep 15/15 | train_loss=0.4087 | val_loss=0.4261

====================================================================================================
[seed=45] P=70
====================================================================================================
----------------------------------------------------------------------------------------------------
[norm=raw] building datasets (vectorized) ...
[norm=raw] Transformer: building seq tensors ...
   Training Transformer (max_epochs=15, early_stop) ...
    ep 01/15 | train_loss=0.5766 | val_loss=0.5120
    ep 03/15 | train_loss=0.4728 | val_loss=0.4756
    ep 06/15 | train_loss=0.4415 | val_loss=0.4437
    ep 09/15 | train_loss=0.4235 | val_loss=0.4339
    ep 12/15 | train_loss=0.4049 | val_loss=0.4163
    ep 15/15 | train_loss=0.3912 | val_loss=0.4073
----------------------------------------------------------------------------------------------------
[norm=log1p] building datasets (vectorized) ...
[norm=log1p] Transformer: building seq tensors ...
   Training Transformer (max_epochs=15, early_stop) ...
    ep 01/15 | train_loss=0.6274 | val_loss=0.5156
    ep 03/15 | train_loss=0.4698 | val_loss=0.4638
    ep 06/15 | train_loss=0.4494 | val_loss=0.4532
    ep 09/15 | train_loss=0.4304 | val_loss=0.4478
    ep 12/15 | train_loss=0.4214 | val_loss=0.4361
    ep 15/15 | train_loss=0.4081 | val_loss=0.4329
----------------------------------------------------------------------------------------------------
[norm=zscore] building datasets (vectorized) ...
[norm=zscore] Transformer: building seq tensors ...
   Training Transformer (max_epochs=15, early_stop) ...
    ep 01/15 | train_loss=0.5410 | val_loss=0.4972
    ep 03/15 | train_loss=0.4692 | val_loss=0.4842
    ep 06/15 | train_loss=0.4458 | val_loss=0.4448
    ep 09/15 | train_loss=0.4243 | val_loss=0.4395
    early stop at ep=10 (best_val=0.4355)

====================================================================================================
[seed=45] P=80
====================================================================================================
----------------------------------------------------------------------------------------------------
[norm=raw] building datasets (vectorized) ...
[norm=raw] Transformer: building seq tensors ...
   Training Transformer (max_epochs=15, early_stop) ...
    ep 01/15 | train_loss=0.5534 | val_loss=0.4884
    ep 03/15 | train_loss=0.4527 | val_loss=0.4527
    ep 06/15 | train_loss=0.4260 | val_loss=0.4528
    ep 09/15 | train_loss=0.4084 | val_loss=0.4432
    ep 12/15 | train_loss=0.4005 | val_loss=0.4173
    ep 15/15 | train_loss=0.3897 | val_loss=0.4122
----------------------------------------------------------------------------------------------------
[norm=log1p] building datasets (vectorized) ...
[norm=log1p] Transformer: building seq tensors ...
   Training Transformer (max_epochs=15, early_stop) ...
    ep 01/15 | train_loss=0.5850 | val_loss=0.4803
    ep 03/15 | train_loss=0.4461 | val_loss=0.4476
    ep 06/15 | train_loss=0.4310 | val_loss=0.4489
    ep 09/15 | train_loss=0.4238 | val_loss=0.4361
    ep 12/15 | train_loss=0.4154 | val_loss=0.4326
    ep 15/15 | train_loss=0.4046 | val_loss=0.4268
----------------------------------------------------------------------------------------------------
[norm=zscore] building datasets (vectorized) ...
[norm=zscore] Transformer: building seq tensors ...
   Training Transformer (max_epochs=15, early_stop) ...
    ep 01/15 | train_loss=0.5551 | val_loss=0.4868
    ep 03/15 | train_loss=0.4531 | val_loss=0.4531
    ep 06/15 | train_loss=0.4187 | val_loss=0.4273
    ep 09/15 | train_loss=0.3985 | val_loss=0.4299
    ep 12/15 | train_loss=0.3927 | val_loss=0.4090
    ep 15/15 | train_loss=0.3835 | val_loss=0.3999

====================================================================================================
[seed=45] P=90
====================================================================================================
----------------------------------------------------------------------------------------------------
[norm=raw] building datasets (vectorized) ...
[norm=raw] Transformer: building seq tensors ...
   Training Transformer (max_epochs=15, early_stop) ...
    ep 01/15 | train_loss=0.5494 | val_loss=0.4890
    ep 03/15 | train_loss=0.4412 | val_loss=0.4501
    ep 06/15 | train_loss=0.4084 | val_loss=0.4227
    ep 09/15 | train_loss=0.3916 | val_loss=0.4230
    ep 12/15 | train_loss=0.3758 | val_loss=0.4068
    early stop at ep=13 (best_val=0.4008)
----------------------------------------------------------------------------------------------------
[norm=log1p] building datasets (vectorized) ...
[norm=log1p] Transformer: building seq tensors ...
   Training Transformer (max_epochs=15, early_stop) ...
    ep 01/15 | train_loss=0.6093 | val_loss=0.4934
    ep 03/15 | train_loss=0.4373 | val_loss=0.4550
    ep 06/15 | train_loss=0.4157 | val_loss=0.4367
    ep 09/15 | train_loss=0.4012 | val_loss=0.4194
    ep 12/15 | train_loss=0.3874 | val_loss=0.4137
    early stop at ep=14 (best_val=0.4095)
----------------------------------------------------------------------------------------------------
[norm=zscore] building datasets (vectorized) ...
[norm=zscore] Transformer: building seq tensors ...
   Training Transformer (max_epochs=15, early_stop) ...
    ep 01/15 | train_loss=0.5312 | val_loss=0.4714
    ep 03/15 | train_loss=0.4443 | val_loss=0.4619
    ep 06/15 | train_loss=0.4117 | val_loss=0.4244
    ep 09/15 | train_loss=0.3922 | val_loss=0.4197
    ep 12/15 | train_loss=0.3702 | val_loss=0.3894
    early stop at ep=14 (best_val=0.3878)

====================================================================================================
[seed=45] P=100
====================================================================================================
----------------------------------------------------------------------------------------------------
[norm=raw] building datasets (vectorized) ...
[norm=raw] Transformer: building seq tensors ...
   Training Transformer (max_epochs=15, early_stop) ...
    ep 01/15 | train_loss=0.5311 | val_loss=0.4675
    ep 03/15 | train_loss=0.4235 | val_loss=0.4328
    ep 06/15 | train_loss=0.3860 | val_loss=0.4038
    ep 09/15 | train_loss=0.3694 | val_loss=0.3989
    ep 12/15 | train_loss=0.3579 | val_loss=0.3779
    early stop at ep=14 (best_val=0.3777)
----------------------------------------------------------------------------------------------------
[norm=log1p] building datasets (vectorized) ...
[norm=log1p] Transformer: building seq tensors ...
   Training Transformer (max_epochs=15, early_stop) ...
    ep 01/15 | train_loss=0.5852 | val_loss=0.4673
    ep 03/15 | train_loss=0.4214 | val_loss=0.4226
    ep 06/15 | train_loss=0.3906 | val_loss=0.4165
    ep 09/15 | train_loss=0.3752 | val_loss=0.3986
    ep 12/15 | train_loss=0.3683 | val_loss=0.3826
    ep 15/15 | train_loss=0.3599 | val_loss=0.3950
----------------------------------------------------------------------------------------------------
[norm=zscore] building datasets (vectorized) ...
[norm=zscore] Transformer: building seq tensors ...
   Training Transformer (max_epochs=15, early_stop) ...
    ep 01/15 | train_loss=0.5153 | val_loss=0.4617
    ep 03/15 | train_loss=0.4228 | val_loss=0.4243
    ep 06/15 | train_loss=0.3848 | val_loss=0.3916
    ep 09/15 | train_loss=0.3681 | val_loss=0.3960
    ep 12/15 | train_loss=0.3580 | val_loss=0.3701
    ep 15/15 | train_loss=0.3481 | val_loss=0.3737
    early stop at ep=15 (best_val=0.3701)

====================================================================================================
[seed=45] P=110
====================================================================================================
----------------------------------------------------------------------------------------------------
[norm=raw] building datasets (vectorized) ...
[norm=raw] Transformer: building seq tensors ...
   Training Transformer (max_epochs=15, early_stop) ...
    ep 01/15 | train_loss=0.5229 | val_loss=0.4608
    ep 03/15 | train_loss=0.4092 | val_loss=0.4140
    ep 06/15 | train_loss=0.3687 | val_loss=0.3910
    ep 09/15 | train_loss=0.3550 | val_loss=0.3819
    ep 12/15 | train_loss=0.3431 | val_loss=0.3746
    ep 15/15 | train_loss=0.3365 | val_loss=0.3569
----------------------------------------------------------------------------------------------------
[norm=log1p] building datasets (vectorized) ...
[norm=log1p] Transformer: building seq tensors ...
   Training Transformer (max_epochs=15, early_stop) ...
    ep 01/15 | train_loss=0.5726 | val_loss=0.4777
    ep 03/15 | train_loss=0.4154 | val_loss=0.4185
    ep 06/15 | train_loss=0.3835 | val_loss=0.4018
    ep 09/15 | train_loss=0.3682 | val_loss=0.3910
    ep 12/15 | train_loss=0.3587 | val_loss=0.3828
    ep 15/15 | train_loss=0.3488 | val_loss=0.3747
----------------------------------------------------------------------------------------------------
[norm=zscore] building datasets (vectorized) ...
[norm=zscore] Transformer: building seq tensors ...
   Training Transformer (max_epochs=15, early_stop) ...
    ep 01/15 | train_loss=0.5040 | val_loss=0.4515
    ep 03/15 | train_loss=0.4178 | val_loss=0.4169
    ep 06/15 | train_loss=0.3805 | val_loss=0.3938
    ep 09/15 | train_loss=0.3632 | val_loss=0.3866
    ep 12/15 | train_loss=0.3574 | val_loss=0.3773
    ep 15/15 | train_loss=0.3406 | val_loss=0.3632

====================================================================================================
[seed=45] P=120
====================================================================================================
----------------------------------------------------------------------------------------------------
[norm=raw] building datasets (vectorized) ...
[norm=raw] Transformer: building seq tensors ...
   Training Transformer (max_epochs=15, early_stop) ...
    ep 01/15 | train_loss=0.5066 | val_loss=0.4425
    ep 03/15 | train_loss=0.3980 | val_loss=0.4381
    ep 06/15 | train_loss=0.3657 | val_loss=0.3892
    ep 09/15 | train_loss=0.3539 | val_loss=0.3750
    early stop at ep=11 (best_val=0.3672)
----------------------------------------------------------------------------------------------------
[norm=log1p] building datasets (vectorized) ...
[norm=log1p] Transformer: building seq tensors ...
   Training Transformer (max_epochs=15, early_stop) ...
    ep 01/15 | train_loss=0.5651 | val_loss=0.4716
    ep 03/15 | train_loss=0.3913 | val_loss=0.4294
    ep 06/15 | train_loss=0.3653 | val_loss=0.3833
    ep 09/15 | train_loss=0.3524 | val_loss=0.3738
    early stop at ep=11 (best_val=0.3725)
----------------------------------------------------------------------------------------------------
[norm=zscore] building datasets (vectorized) ...
[norm=zscore] Transformer: building seq tensors ...
   Training Transformer (max_epochs=15, early_stop) ...
    ep 01/15 | train_loss=0.4922 | val_loss=0.4387
    ep 03/15 | train_loss=0.4046 | val_loss=0.4439
    ep 06/15 | train_loss=0.3751 | val_loss=0.4121
    ep 09/15 | train_loss=0.3543 | val_loss=0.3876
    ep 12/15 | train_loss=0.3362 | val_loss=0.3594
    ep 15/15 | train_loss=0.3240 | val_loss=0.3560

====================================================================================================
[seed=45] P=130
====================================================================================================
----------------------------------------------------------------------------------------------------
[norm=raw] building datasets (vectorized) ...
[norm=raw] Transformer: building seq tensors ...
   Training Transformer (max_epochs=15, early_stop) ...
    ep 01/15 | train_loss=0.5001 | val_loss=0.4503
    ep 03/15 | train_loss=0.3949 | val_loss=0.4021
    ep 06/15 | train_loss=0.3538 | val_loss=0.3689
    ep 09/15 | train_loss=0.3353 | val_loss=0.3522
    ep 12/15 | train_loss=0.3194 | val_loss=0.3469
    ep 15/15 | train_loss=0.3118 | val_loss=0.3330
----------------------------------------------------------------------------------------------------
[norm=log1p] building datasets (vectorized) ...
[norm=log1p] Transformer: building seq tensors ...
   Training Transformer (max_epochs=15, early_stop) ...
    ep 01/15 | train_loss=0.5501 | val_loss=0.4700
    ep 03/15 | train_loss=0.3864 | val_loss=0.3910
    ep 06/15 | train_loss=0.3585 | val_loss=0.3685
    ep 09/15 | train_loss=0.3456 | val_loss=0.3590
    ep 12/15 | train_loss=0.3349 | val_loss=0.3519
    ep 15/15 | train_loss=0.3226 | val_loss=0.3745
    early stop at ep=15 (best_val=0.3519)
----------------------------------------------------------------------------------------------------
[norm=zscore] building datasets (vectorized) ...
[norm=zscore] Transformer: building seq tensors ...
   Training Transformer (max_epochs=15, early_stop) ...
    ep 01/15 | train_loss=0.4839 | val_loss=0.4789
    ep 03/15 | train_loss=0.3943 | val_loss=0.3912
    ep 06/15 | train_loss=0.3553 | val_loss=0.3671
    ep 09/15 | train_loss=0.3363 | val_loss=0.3448
    ep 12/15 | train_loss=0.3229 | val_loss=0.3461
    ep 15/15 | train_loss=0.3157 | val_loss=0.3407

====================================================================================================
[seed=45] P=140
====================================================================================================
----------------------------------------------------------------------------------------------------
[norm=raw] building datasets (vectorized) ...
[norm=raw] Transformer: building seq tensors ...
   Training Transformer (max_epochs=15, early_stop) ...
    ep 01/15 | train_loss=0.4891 | val_loss=0.4654
    ep 03/15 | train_loss=0.3728 | val_loss=0.3820
    ep 06/15 | train_loss=0.3310 | val_loss=0.3650
    ep 09/15 | train_loss=0.3112 | val_loss=0.3444
    ep 12/15 | train_loss=0.2956 | val_loss=0.3268
    ep 15/15 | train_loss=0.2881 | val_loss=0.3235
----------------------------------------------------------------------------------------------------
[norm=log1p] building datasets (vectorized) ...
[norm=log1p] Transformer: building seq tensors ...
   Training Transformer (max_epochs=15, early_stop) ...
    ep 01/15 | train_loss=0.5577 | val_loss=0.4454
    ep 03/15 | train_loss=0.3719 | val_loss=0.3751
    ep 06/15 | train_loss=0.3334 | val_loss=0.3585
    ep 09/15 | train_loss=0.3237 | val_loss=0.3473
    ep 12/15 | train_loss=0.3023 | val_loss=0.3382
    ep 15/15 | train_loss=0.2971 | val_loss=0.3395
    early stop at ep=15 (best_val=0.3382)
----------------------------------------------------------------------------------------------------
[norm=zscore] building datasets (vectorized) ...
[norm=zscore] Transformer: building seq tensors ...
   Training Transformer (max_epochs=15, early_stop) ...
    ep 01/15 | train_loss=0.4802 | val_loss=0.4436
    ep 03/15 | train_loss=0.3872 | val_loss=0.4064
    ep 06/15 | train_loss=0.3488 | val_loss=0.3697
    ep 09/15 | train_loss=0.3271 | val_loss=0.3526
    ep 12/15 | train_loss=0.3104 | val_loss=0.3415
    ep 15/15 | train_loss=0.3022 | val_loss=0.3291

====================================================================================================
[seed=45] P=150
====================================================================================================
----------------------------------------------------------------------------------------------------
[norm=raw] building datasets (vectorized) ...
[norm=raw] Transformer: building seq tensors ...
   Training Transformer (max_epochs=15, early_stop) ...
    ep 01/15 | train_loss=0.5113 | val_loss=0.4128
    ep 03/15 | train_loss=0.3666 | val_loss=0.3618
    ep 06/15 | train_loss=0.3327 | val_loss=0.3359
    ep 09/15 | train_loss=0.3093 | val_loss=0.3317
    ep 12/15 | train_loss=0.3003 | val_loss=0.3138
    ep 15/15 | train_loss=0.2925 | val_loss=0.3099
----------------------------------------------------------------------------------------------------
[norm=log1p] building datasets (vectorized) ...
[norm=log1p] Transformer: building seq tensors ...
   Training Transformer (max_epochs=15, early_stop) ...
    ep 01/15 | train_loss=0.5608 | val_loss=0.4103
    ep 03/15 | train_loss=0.3635 | val_loss=0.3639
    ep 06/15 | train_loss=0.3314 | val_loss=0.3527
    ep 09/15 | train_loss=0.3182 | val_loss=0.3425
    early stop at ep=10 (best_val=0.3391)
----------------------------------------------------------------------------------------------------
[norm=zscore] building datasets (vectorized) ...
[norm=zscore] Transformer: building seq tensors ...
   Training Transformer (max_epochs=15, early_stop) ...
    ep 01/15 | train_loss=0.4795 | val_loss=0.4161
    ep 03/15 | train_loss=0.3689 | val_loss=0.3679
    ep 06/15 | train_loss=0.3325 | val_loss=0.3398
    ep 09/15 | train_loss=0.3115 | val_loss=0.3321
    ep 12/15 | train_loss=0.2995 | val_loss=0.3147
    ep 15/15 | train_loss=0.2904 | val_loss=0.3197
    early stop at ep=15 (best_val=0.3147)

====================================================================================================
[seed=45] P=200
====================================================================================================
----------------------------------------------------------------------------------------------------
[norm=raw] building datasets (vectorized) ...
[norm=raw] Transformer: building seq tensors ...
   Training Transformer (max_epochs=15, early_stop) ...
    ep 01/15 | train_loss=0.4631 | val_loss=0.3771
    ep 03/15 | train_loss=0.3273 | val_loss=0.3232
    ep 06/15 | train_loss=0.2894 | val_loss=0.2938
    ep 09/15 | train_loss=0.2666 | val_loss=0.2801
    ep 12/15 | train_loss=0.2522 | val_loss=0.2810
    early stop at ep=12 (best_val=0.2801)
----------------------------------------------------------------------------------------------------
[norm=log1p] building datasets (vectorized) ...
[norm=log1p] Transformer: building seq tensors ...
   Training Transformer (max_epochs=15, early_stop) ...
    ep 01/15 | train_loss=0.5190 | val_loss=0.3855
    ep 03/15 | train_loss=0.3225 | val_loss=0.3193
    ep 06/15 | train_loss=0.2831 | val_loss=0.2960
    ep 09/15 | train_loss=0.2698 | val_loss=0.2947
    ep 12/15 | train_loss=0.2535 | val_loss=0.2782
    ep 15/15 | train_loss=0.2401 | val_loss=0.2767
----------------------------------------------------------------------------------------------------
[norm=zscore] building datasets (vectorized) ...
[norm=zscore] Transformer: building seq tensors ...
   Training Transformer (max_epochs=15, early_stop) ...
    ep 01/15 | train_loss=0.4501 | val_loss=0.3821
    ep 03/15 | train_loss=0.3391 | val_loss=0.3323
    ep 06/15 | train_loss=0.2962 | val_loss=0.2975
    ep 09/15 | train_loss=0.2756 | val_loss=0.2829
    ep 12/15 | train_loss=0.2598 | val_loss=0.2836
    ep 15/15 | train_loss=0.2476 | val_loss=0.2656

====================================================================================================
[seed=45] P=300
====================================================================================================
----------------------------------------------------------------------------------------------------
[norm=raw] building datasets (vectorized) ...
[norm=raw] Transformer: building seq tensors ...
   Training Transformer (max_epochs=15, early_stop) ...
    ep 01/15 | train_loss=0.4339 | val_loss=0.3504
    ep 03/15 | train_loss=0.2681 | val_loss=0.2650
    ep 06/15 | train_loss=0.2293 | val_loss=0.2365
    ep 09/15 | train_loss=0.2135 | val_loss=0.2598
    ep 12/15 | train_loss=0.1964 | val_loss=0.2213
    ep 15/15 | train_loss=0.1883 | val_loss=0.2098
----------------------------------------------------------------------------------------------------
[norm=log1p] building datasets (vectorized) ...
[norm=log1p] Transformer: building seq tensors ...
   Training Transformer (max_epochs=15, early_stop) ...
    ep 01/15 | train_loss=0.4908 | val_loss=0.3426
    ep 03/15 | train_loss=0.2640 | val_loss=0.2860
    ep 06/15 | train_loss=0.2292 | val_loss=0.2409
    ep 09/15 | train_loss=0.2138 | val_loss=0.2361
    ep 12/15 | train_loss=0.2025 | val_loss=0.2145
    ep 15/15 | train_loss=0.1911 | val_loss=0.2075
----------------------------------------------------------------------------------------------------
[norm=zscore] building datasets (vectorized) ...
[norm=zscore] Transformer: building seq tensors ...
   Training Transformer (max_epochs=15, early_stop) ...
    ep 01/15 | train_loss=0.4122 | val_loss=0.3349
    ep 03/15 | train_loss=0.2848 | val_loss=0.2805
    ep 06/15 | train_loss=0.2420 | val_loss=0.2510
    ep 09/15 | train_loss=0.2193 | val_loss=0.2693
    ep 12/15 | train_loss=0.2062 | val_loss=0.2636
    ep 15/15 | train_loss=0.1916 | val_loss=0.2394

====================================================================================================
[seed=45] P=400
====================================================================================================
----------------------------------------------------------------------------------------------------
[norm=raw] building datasets (vectorized) ...
[norm=raw] Transformer: building seq tensors ...
   Training Transformer (max_epochs=15, early_stop) ...
    ep 01/15 | train_loss=0.3924 | val_loss=0.2898
    ep 03/15 | train_loss=0.2399 | val_loss=0.2171
    ep 06/15 | train_loss=0.1977 | val_loss=0.2024
    ep 09/15 | train_loss=0.1818 | val_loss=0.1846
    ep 12/15 | train_loss=0.1608 | val_loss=0.1715
    ep 15/15 | train_loss=0.1557 | val_loss=0.1547
----------------------------------------------------------------------------------------------------
[norm=log1p] building datasets (vectorized) ...
[norm=log1p] Transformer: building seq tensors ...
   Training Transformer (max_epochs=15, early_stop) ...
    ep 01/15 | train_loss=0.4540 | val_loss=0.2987
    ep 03/15 | train_loss=0.2403 | val_loss=0.2411
    ep 06/15 | train_loss=0.1949 | val_loss=0.1967
    ep 09/15 | train_loss=0.1773 | val_loss=0.1754
    ep 12/15 | train_loss=0.1646 | val_loss=0.1770
    early stop at ep=12 (best_val=0.1754)
----------------------------------------------------------------------------------------------------
[norm=zscore] building datasets (vectorized) ...
[norm=zscore] Transformer: building seq tensors ...
   Training Transformer (max_epochs=15, early_stop) ...
    ep 01/15 | train_loss=0.3847 | val_loss=0.2918
    ep 03/15 | train_loss=0.2584 | val_loss=0.2429
    ep 06/15 | train_loss=0.2140 | val_loss=0.2272
    ep 09/15 | train_loss=0.1983 | val_loss=0.2028
    early stop at ep=11 (best_val=0.2027)

====================================================================================================
[seed=45] P=500
====================================================================================================
----------------------------------------------------------------------------------------------------
[norm=raw] building datasets (vectorized) ...
[norm=raw] Transformer: building seq tensors ...
   Training Transformer (max_epochs=18, early_stop) ...
    ep 01/18 | train_loss=0.3817 | val_loss=0.2542
    ep 03/18 | train_loss=0.2063 | val_loss=0.2252
    ep 06/18 | train_loss=0.1606 | val_loss=0.1469
    ep 09/18 | train_loss=0.1398 | val_loss=0.1410
    ep 12/18 | train_loss=0.1222 | val_loss=0.1217
    ep 15/18 | train_loss=0.1067 | val_loss=0.1306
    ep 18/18 | train_loss=0.1004 | val_loss=0.1548
----------------------------------------------------------------------------------------------------
[norm=log1p] building datasets (vectorized) ...
[norm=log1p] Transformer: building seq tensors ...
   Training Transformer (max_epochs=18, early_stop) ...
    ep 01/18 | train_loss=0.4616 | val_loss=0.2830
    ep 03/18 | train_loss=0.2197 | val_loss=0.2323
    ep 06/18 | train_loss=0.1703 | val_loss=0.1720
    ep 09/18 | train_loss=0.1462 | val_loss=0.1794
    ep 12/18 | train_loss=0.1311 | val_loss=0.1431
    ep 15/18 | train_loss=0.1201 | val_loss=0.1742
    early stop at ep=15 (best_val=0.1431)
----------------------------------------------------------------------------------------------------
[norm=zscore] building datasets (vectorized) ...
[norm=zscore] Transformer: building seq tensors ...
   Training Transformer (max_epochs=18, early_stop) ...
    ep 01/18 | train_loss=0.3756 | val_loss=0.2840
    ep 03/18 | train_loss=0.2354 | val_loss=0.2374
    ep 06/18 | train_loss=0.1829 | val_loss=0.2039
    early stop at ep=7 (best_val=0.2025)

====================================================================================================
[seed=45] P=600
====================================================================================================
----------------------------------------------------------------------------------------------------
[norm=raw] building datasets (vectorized) ...
[norm=raw] Transformer: building seq tensors ...
   Training Transformer (max_epochs=20, early_stop) ...
    ep 01/20 | train_loss=0.3581 | val_loss=0.2288
    ep 03/20 | train_loss=0.1854 | val_loss=0.1700
    ep 06/20 | train_loss=0.1520 | val_loss=0.1541
    ep 09/20 | train_loss=0.1182 | val_loss=0.1381
    ep 12/20 | train_loss=0.1062 | val_loss=0.1157
    ep 15/20 | train_loss=0.0900 | val_loss=0.1186
    early stop at ep=15 (best_val=0.1157)
----------------------------------------------------------------------------------------------------
[norm=log1p] building datasets (vectorized) ...
[norm=log1p] Transformer: building seq tensors ...
   Training Transformer (max_epochs=20, early_stop) ...
    ep 01/20 | train_loss=0.4429 | val_loss=0.2408
    ep 03/20 | train_loss=0.1921 | val_loss=0.1771
    ep 06/20 | train_loss=0.1400 | val_loss=0.1480
    ep 09/20 | train_loss=0.1197 | val_loss=0.1243
    ep 12/20 | train_loss=0.1047 | val_loss=0.1177
    ep 15/20 | train_loss=0.0957 | val_loss=0.1358
    ep 18/20 | train_loss=0.0878 | val_loss=0.1648
    ep 20/20 | train_loss=0.0858 | val_loss=0.1148
    early stop at ep=20 (best_val=0.1137)
----------------------------------------------------------------------------------------------------
[norm=zscore] building datasets (vectorized) ...
[norm=zscore] Transformer: building seq tensors ...
   Training Transformer (max_epochs=20, early_stop) ...
    ep 01/20 | train_loss=0.3502 | val_loss=0.2774
    ep 03/20 | train_loss=0.2197 | val_loss=0.2212
    ep 06/20 | train_loss=0.1882 | val_loss=0.1810
    ep 09/20 | train_loss=0.1426 | val_loss=0.1493
    ep 12/20 | train_loss=0.1324 | val_loss=0.1422
    ep 15/20 | train_loss=0.1073 | val_loss=0.1228
    ep 18/20 | train_loss=0.1035 | val_loss=0.1283
    early stop at ep=18 (best_val=0.1228)

[5/5] seed done.

##############################################################################################################
[SEED RUN] seed=46
##############################################################################################################

[1/5] form-disjoint split (ID)...
[form split] success try=1: ge2 groups train=4317, test=2452

[2/5] sampling Complex pairs...
  train pairs: same=10000, diff=10000
  ID-test pairs: same=5000, diff=5000
  OOD pairs: same=5000, diff=5000

[3/5] fitting z-score from TRAIN only...

[4/5] train/eval (P x norm x models) ...

====================================================================================================
[seed=46] P=10
====================================================================================================
----------------------------------------------------------------------------------------------------
[norm=raw] building datasets (vectorized) ...
[norm=raw] Transformer: building seq tensors ...
   Training Transformer (max_epochs=15, early_stop) ...
    ep 01/15 | train_loss=0.6729 | val_loss=0.6440
    ep 03/15 | train_loss=0.6292 | val_loss=0.6353
    ep 06/15 | train_loss=0.6198 | val_loss=0.6253
    ep 09/15 | train_loss=0.6193 | val_loss=0.6226
    ep 12/15 | train_loss=0.6163 | val_loss=0.6249
    early stop at ep=12 (best_val=0.6226)
----------------------------------------------------------------------------------------------------
[norm=log1p] building datasets (vectorized) ...
[norm=log1p] Transformer: building seq tensors ...
   Training Transformer (max_epochs=15, early_stop) ...
    ep 01/15 | train_loss=0.6884 | val_loss=0.6733
    ep 03/15 | train_loss=0.6390 | val_loss=0.6417
    ep 06/15 | train_loss=0.6225 | val_loss=0.6244
    ep 09/15 | train_loss=0.6204 | val_loss=0.6223
    ep 12/15 | train_loss=0.6160 | val_loss=0.6208
    ep 15/15 | train_loss=0.6165 | val_loss=0.6244
    early stop at ep=15 (best_val=0.6208)
----------------------------------------------------------------------------------------------------
[norm=zscore] building datasets (vectorized) ...
[norm=zscore] Transformer: building seq tensors ...
   Training Transformer (max_epochs=15, early_stop) ...
    ep 01/15 | train_loss=0.6582 | val_loss=0.6420
    ep 03/15 | train_loss=0.6277 | val_loss=0.6355
    ep 06/15 | train_loss=0.6188 | val_loss=0.6238
    ep 09/15 | train_loss=0.6177 | val_loss=0.6224
    ep 12/15 | train_loss=0.6154 | val_loss=0.6387
    early stop at ep=12 (best_val=0.6224)

====================================================================================================
[seed=46] P=20
====================================================================================================
----------------------------------------------------------------------------------------------------
[norm=raw] building datasets (vectorized) ...
[norm=raw] Transformer: building seq tensors ...
   Training Transformer (max_epochs=15, early_stop) ...
    ep 01/15 | train_loss=0.6539 | val_loss=0.6085
    ep 03/15 | train_loss=0.5769 | val_loss=0.5783
    ep 06/15 | train_loss=0.5527 | val_loss=0.5609
    ep 09/15 | train_loss=0.5483 | val_loss=0.5579
    ep 12/15 | train_loss=0.5432 | val_loss=0.5659
    early stop at ep=12 (best_val=0.5579)
----------------------------------------------------------------------------------------------------
[norm=log1p] building datasets (vectorized) ...
[norm=log1p] Transformer: building seq tensors ...
   Training Transformer (max_epochs=15, early_stop) ...
    ep 01/15 | train_loss=0.6877 | val_loss=0.6672
    ep 03/15 | train_loss=0.5894 | val_loss=0.5918
    ep 06/15 | train_loss=0.5552 | val_loss=0.5633
    ep 09/15 | train_loss=0.5499 | val_loss=0.5621
    early stop at ep=10 (best_val=0.5586)
----------------------------------------------------------------------------------------------------
[norm=zscore] building datasets (vectorized) ...
[norm=zscore] Transformer: building seq tensors ...
   Training Transformer (max_epochs=15, early_stop) ...
    ep 01/15 | train_loss=0.6330 | val_loss=0.6015
    ep 03/15 | train_loss=0.5719 | val_loss=0.5704
    ep 06/15 | train_loss=0.5557 | val_loss=0.5584
    ep 09/15 | train_loss=0.5491 | val_loss=0.5585
    early stop at ep=10 (best_val=0.5550)

====================================================================================================
[seed=46] P=30
====================================================================================================
----------------------------------------------------------------------------------------------------
[norm=raw] building datasets (vectorized) ...
[norm=raw] Transformer: building seq tensors ...
   Training Transformer (max_epochs=15, early_stop) ...
    ep 01/15 | train_loss=0.6220 | val_loss=0.5921
    ep 03/15 | train_loss=0.5489 | val_loss=0.5539
    ep 06/15 | train_loss=0.5203 | val_loss=0.5443
    ep 09/15 | train_loss=0.5068 | val_loss=0.5310
    early stop at ep=10 (best_val=0.5285)
----------------------------------------------------------------------------------------------------
[norm=log1p] building datasets (vectorized) ...
[norm=log1p] Transformer: building seq tensors ...
   Training Transformer (max_epochs=15, early_stop) ...
    ep 01/15 | train_loss=0.6606 | val_loss=0.5925
    ep 03/15 | train_loss=0.5503 | val_loss=0.5553
    ep 06/15 | train_loss=0.5284 | val_loss=0.5463
    ep 09/15 | train_loss=0.5142 | val_loss=0.5341
    ep 12/15 | train_loss=0.5046 | val_loss=0.5434
    ep 15/15 | train_loss=0.4930 | val_loss=0.5149
----------------------------------------------------------------------------------------------------
[norm=zscore] building datasets (vectorized) ...
[norm=zscore] Transformer: building seq tensors ...
   Training Transformer (max_epochs=15, early_stop) ...
    ep 01/15 | train_loss=0.6085 | val_loss=0.5746
    ep 03/15 | train_loss=0.5446 | val_loss=0.5527
    ep 06/15 | train_loss=0.5183 | val_loss=0.5453
    ep 09/15 | train_loss=0.5050 | val_loss=0.5264
    ep 12/15 | train_loss=0.4932 | val_loss=0.5229
    ep 15/15 | train_loss=0.4858 | val_loss=0.5200

====================================================================================================
[seed=46] P=40
====================================================================================================
----------------------------------------------------------------------------------------------------
[norm=raw] building datasets (vectorized) ...
[norm=raw] Transformer: building seq tensors ...
   Training Transformer (max_epochs=15, early_stop) ...
    ep 01/15 | train_loss=0.5995 | val_loss=0.5895
    ep 03/15 | train_loss=0.5067 | val_loss=0.5148
    ep 06/15 | train_loss=0.4832 | val_loss=0.4914
    ep 09/15 | train_loss=0.4697 | val_loss=0.4936
    ep 12/15 | train_loss=0.4609 | val_loss=0.4721
    ep 15/15 | train_loss=0.4556 | val_loss=0.4729
    early stop at ep=15 (best_val=0.4721)
----------------------------------------------------------------------------------------------------
[norm=log1p] building datasets (vectorized) ...
[norm=log1p] Transformer: building seq tensors ...
   Training Transformer (max_epochs=15, early_stop) ...
    ep 01/15 | train_loss=0.6584 | val_loss=0.6293
    ep 03/15 | train_loss=0.5065 | val_loss=0.5155
    ep 06/15 | train_loss=0.4874 | val_loss=0.4976
    ep 09/15 | train_loss=0.4800 | val_loss=0.4887
    ep 12/15 | train_loss=0.4712 | val_loss=0.4919
    ep 15/15 | train_loss=0.4625 | val_loss=0.4787
----------------------------------------------------------------------------------------------------
[norm=zscore] building datasets (vectorized) ...
[norm=zscore] Transformer: building seq tensors ...
   Training Transformer (max_epochs=15, early_stop) ...
    ep 01/15 | train_loss=0.5737 | val_loss=0.6225
    ep 03/15 | train_loss=0.5153 | val_loss=0.5199
    ep 06/15 | train_loss=0.4877 | val_loss=0.4911
    ep 09/15 | train_loss=0.4713 | val_loss=0.4887
    early stop at ep=11 (best_val=0.4863)

====================================================================================================
[seed=46] P=50
====================================================================================================
----------------------------------------------------------------------------------------------------
[norm=raw] building datasets (vectorized) ...
[norm=raw] Transformer: building seq tensors ...
   Training Transformer (max_epochs=15, early_stop) ...
    ep 01/15 | train_loss=0.5777 | val_loss=0.5426
    ep 03/15 | train_loss=0.4967 | val_loss=0.5002
    ep 06/15 | train_loss=0.4662 | val_loss=0.4738
    ep 09/15 | train_loss=0.4514 | val_loss=0.4596
    ep 12/15 | train_loss=0.4353 | val_loss=0.4513
    ep 15/15 | train_loss=0.4252 | val_loss=0.4433
----------------------------------------------------------------------------------------------------
[norm=log1p] building datasets (vectorized) ...
[norm=log1p] Transformer: building seq tensors ...
   Training Transformer (max_epochs=15, early_stop) ...
    ep 01/15 | train_loss=0.6173 | val_loss=0.5431
    ep 03/15 | train_loss=0.4934 | val_loss=0.4956
    ep 06/15 | train_loss=0.4712 | val_loss=0.4835
    ep 09/15 | train_loss=0.4615 | val_loss=0.4794
    early stop at ep=10 (best_val=0.4791)
----------------------------------------------------------------------------------------------------
[norm=zscore] building datasets (vectorized) ...
[norm=zscore] Transformer: building seq tensors ...
   Training Transformer (max_epochs=15, early_stop) ...
    ep 01/15 | train_loss=0.5649 | val_loss=0.5339
    ep 03/15 | train_loss=0.4939 | val_loss=0.4990
    ep 06/15 | train_loss=0.4705 | val_loss=0.4804
    ep 09/15 | train_loss=0.4590 | val_loss=0.4797
    ep 12/15 | train_loss=0.4464 | val_loss=0.4562
    ep 15/15 | train_loss=0.4363 | val_loss=0.4523

====================================================================================================
[seed=46] P=60
====================================================================================================
----------------------------------------------------------------------------------------------------
[norm=raw] building datasets (vectorized) ...
[norm=raw] Transformer: building seq tensors ...
   Training Transformer (max_epochs=15, early_stop) ...
    ep 01/15 | train_loss=0.5684 | val_loss=0.4999
    ep 03/15 | train_loss=0.4780 | val_loss=0.4761
    ep 06/15 | train_loss=0.4553 | val_loss=0.4523
    ep 09/15 | train_loss=0.4350 | val_loss=0.4443
    ep 12/15 | train_loss=0.4198 | val_loss=0.4255
    ep 15/15 | train_loss=0.4104 | val_loss=0.4196
----------------------------------------------------------------------------------------------------
[norm=log1p] building datasets (vectorized) ...
[norm=log1p] Transformer: building seq tensors ...
   Training Transformer (max_epochs=15, early_stop) ...
    ep 01/15 | train_loss=0.6217 | val_loss=0.5200
    ep 03/15 | train_loss=0.4741 | val_loss=0.4780
    ep 06/15 | train_loss=0.4520 | val_loss=0.4551
    ep 09/15 | train_loss=0.4409 | val_loss=0.4441
    ep 12/15 | train_loss=0.4306 | val_loss=0.4365
    ep 15/15 | train_loss=0.4227 | val_loss=0.4374
    early stop at ep=15 (best_val=0.4365)
----------------------------------------------------------------------------------------------------
[norm=zscore] building datasets (vectorized) ...
[norm=zscore] Transformer: building seq tensors ...
   Training Transformer (max_epochs=15, early_stop) ...
    ep 01/15 | train_loss=0.5436 | val_loss=0.5012
    ep 03/15 | train_loss=0.4769 | val_loss=0.4745
    ep 06/15 | train_loss=0.4447 | val_loss=0.4454
    ep 09/15 | train_loss=0.4274 | val_loss=0.4289
    ep 12/15 | train_loss=0.4182 | val_loss=0.4252
    ep 15/15 | train_loss=0.4072 | val_loss=0.4329

====================================================================================================
[seed=46] P=70
====================================================================================================
----------------------------------------------------------------------------------------------------
[norm=raw] building datasets (vectorized) ...
[norm=raw] Transformer: building seq tensors ...
   Training Transformer (max_epochs=15, early_stop) ...
    ep 01/15 | train_loss=0.5628 | val_loss=0.4884
    ep 03/15 | train_loss=0.4567 | val_loss=0.4558
    ep 06/15 | train_loss=0.4281 | val_loss=0.4340
    ep 09/15 | train_loss=0.4111 | val_loss=0.4167
    ep 12/15 | train_loss=0.3995 | val_loss=0.4593
    early stop at ep=12 (best_val=0.4167)
----------------------------------------------------------------------------------------------------
[norm=log1p] building datasets (vectorized) ...
[norm=log1p] Transformer: building seq tensors ...
   Training Transformer (max_epochs=15, early_stop) ...
    ep 01/15 | train_loss=0.6074 | val_loss=0.4959
    ep 03/15 | train_loss=0.4554 | val_loss=0.4596
    ep 06/15 | train_loss=0.4267 | val_loss=0.4418
    ep 09/15 | train_loss=0.4072 | val_loss=0.4148
    ep 12/15 | train_loss=0.3930 | val_loss=0.4549
    early stop at ep=12 (best_val=0.4148)
----------------------------------------------------------------------------------------------------
[norm=zscore] building datasets (vectorized) ...
[norm=zscore] Transformer: building seq tensors ...
   Training Transformer (max_epochs=15, early_stop) ...
    ep 01/15 | train_loss=0.5487 | val_loss=0.4919
    ep 03/15 | train_loss=0.4550 | val_loss=0.4555
    ep 06/15 | train_loss=0.4231 | val_loss=0.4260
    ep 09/15 | train_loss=0.4095 | val_loss=0.4142
    ep 12/15 | train_loss=0.3958 | val_loss=0.4978
    ep 15/15 | train_loss=0.3911 | val_loss=0.3999

====================================================================================================
[seed=46] P=80
====================================================================================================
----------------------------------------------------------------------------------------------------
[norm=raw] building datasets (vectorized) ...
[norm=raw] Transformer: building seq tensors ...
   Training Transformer (max_epochs=15, early_stop) ...
    ep 01/15 | train_loss=0.5448 | val_loss=0.4737
    ep 03/15 | train_loss=0.4378 | val_loss=0.4318
    ep 06/15 | train_loss=0.4151 | val_loss=0.4073
    ep 09/15 | train_loss=0.3974 | val_loss=0.4008
    ep 12/15 | train_loss=0.3871 | val_loss=0.3957
    ep 15/15 | train_loss=0.3747 | val_loss=0.3777
----------------------------------------------------------------------------------------------------
[norm=log1p] building datasets (vectorized) ...
[norm=log1p] Transformer: building seq tensors ...
   Training Transformer (max_epochs=15, early_stop) ...
    ep 01/15 | train_loss=0.6037 | val_loss=0.4834
    ep 03/15 | train_loss=0.4413 | val_loss=0.4325
    ep 06/15 | train_loss=0.4228 | val_loss=0.4262
    ep 09/15 | train_loss=0.4048 | val_loss=0.4152
    ep 12/15 | train_loss=0.3990 | val_loss=0.4019
    ep 15/15 | train_loss=0.3877 | val_loss=0.3911
----------------------------------------------------------------------------------------------------
[norm=zscore] building datasets (vectorized) ...
[norm=zscore] Transformer: building seq tensors ...
   Training Transformer (max_epochs=15, early_stop) ...
    ep 01/15 | train_loss=0.5190 | val_loss=0.4663
    ep 03/15 | train_loss=0.4361 | val_loss=0.4310
    ep 06/15 | train_loss=0.4125 | val_loss=0.4039
    ep 09/15 | train_loss=0.3967 | val_loss=0.3974
    ep 12/15 | train_loss=0.3901 | val_loss=0.3876
    ep 15/15 | train_loss=0.3790 | val_loss=0.3794

====================================================================================================
[seed=46] P=90
====================================================================================================
----------------------------------------------------------------------------------------------------
[norm=raw] building datasets (vectorized) ...
[norm=raw] Transformer: building seq tensors ...
   Training Transformer (max_epochs=15, early_stop) ...
    ep 01/15 | train_loss=0.5242 | val_loss=0.4642
    ep 03/15 | train_loss=0.4289 | val_loss=0.4275
    ep 06/15 | train_loss=0.4007 | val_loss=0.4012
    ep 09/15 | train_loss=0.3854 | val_loss=0.3985
    ep 12/15 | train_loss=0.3666 | val_loss=0.3839
    ep 15/15 | train_loss=0.3544 | val_loss=0.3713
----------------------------------------------------------------------------------------------------
[norm=log1p] building datasets (vectorized) ...
[norm=log1p] Transformer: building seq tensors ...
   Training Transformer (max_epochs=15, early_stop) ...
    ep 01/15 | train_loss=0.5610 | val_loss=0.4716
    ep 03/15 | train_loss=0.4253 | val_loss=0.4197
    ep 06/15 | train_loss=0.4045 | val_loss=0.4141
    ep 09/15 | train_loss=0.3942 | val_loss=0.3990
    ep 12/15 | train_loss=0.3818 | val_loss=0.3864
    ep 15/15 | train_loss=0.3679 | val_loss=0.3886
----------------------------------------------------------------------------------------------------
[norm=zscore] building datasets (vectorized) ...
[norm=zscore] Transformer: building seq tensors ...
   Training Transformer (max_epochs=15, early_stop) ...
    ep 01/15 | train_loss=0.5085 | val_loss=0.4720
    ep 03/15 | train_loss=0.4345 | val_loss=0.4388
    ep 06/15 | train_loss=0.4089 | val_loss=0.4106
    ep 09/15 | train_loss=0.3853 | val_loss=0.4143
    ep 12/15 | train_loss=0.3668 | val_loss=0.3903
    early stop at ep=13 (best_val=0.3847)

====================================================================================================
[seed=46] P=100
====================================================================================================
----------------------------------------------------------------------------------------------------
[norm=raw] building datasets (vectorized) ...
[norm=raw] Transformer: building seq tensors ...
   Training Transformer (max_epochs=15, early_stop) ...
    ep 01/15 | train_loss=0.5276 | val_loss=0.4423
    ep 03/15 | train_loss=0.4076 | val_loss=0.3907
    ep 06/15 | train_loss=0.3699 | val_loss=0.3597
    ep 09/15 | train_loss=0.3523 | val_loss=0.3450
    ep 12/15 | train_loss=0.3433 | val_loss=0.3485
    early stop at ep=12 (best_val=0.3450)
----------------------------------------------------------------------------------------------------
[norm=log1p] building datasets (vectorized) ...
[norm=log1p] Transformer: building seq tensors ...
   Training Transformer (max_epochs=15, early_stop) ...
    ep 01/15 | train_loss=0.5835 | val_loss=0.4606
    ep 03/15 | train_loss=0.4113 | val_loss=0.4031
    ep 06/15 | train_loss=0.3855 | val_loss=0.3757
    ep 09/15 | train_loss=0.3713 | val_loss=0.3695
    ep 12/15 | train_loss=0.3617 | val_loss=0.3751
    early stop at ep=13 (best_val=0.3629)
----------------------------------------------------------------------------------------------------
[norm=zscore] building datasets (vectorized) ...
[norm=zscore] Transformer: building seq tensors ...
   Training Transformer (max_epochs=15, early_stop) ...
    ep 01/15 | train_loss=0.5068 | val_loss=0.4493
    ep 03/15 | train_loss=0.4093 | val_loss=0.4003
    ep 06/15 | train_loss=0.3750 | val_loss=0.3744
    ep 09/15 | train_loss=0.3527 | val_loss=0.3662
    ep 12/15 | train_loss=0.3381 | val_loss=0.3526
    ep 15/15 | train_loss=0.3334 | val_loss=0.3438

====================================================================================================
[seed=46] P=110
====================================================================================================
----------------------------------------------------------------------------------------------------
[norm=raw] building datasets (vectorized) ...
[norm=raw] Transformer: building seq tensors ...
   Training Transformer (max_epochs=15, early_stop) ...
    ep 01/15 | train_loss=0.5305 | val_loss=0.4292
    ep 03/15 | train_loss=0.4040 | val_loss=0.3948
    ep 06/15 | train_loss=0.3713 | val_loss=0.3746
    ep 09/15 | train_loss=0.3564 | val_loss=0.3662
    ep 12/15 | train_loss=0.3428 | val_loss=0.3477
    ep 15/15 | train_loss=0.3382 | val_loss=0.3488
----------------------------------------------------------------------------------------------------
[norm=log1p] building datasets (vectorized) ...
[norm=log1p] Transformer: building seq tensors ...
   Training Transformer (max_epochs=15, early_stop) ...
    ep 01/15 | train_loss=0.5880 | val_loss=0.4414
    ep 03/15 | train_loss=0.4064 | val_loss=0.3939
    ep 06/15 | train_loss=0.3778 | val_loss=0.3664
    ep 09/15 | train_loss=0.3606 | val_loss=0.3627
    ep 12/15 | train_loss=0.3491 | val_loss=0.3555
    ep 15/15 | train_loss=0.3423 | val_loss=0.3486
----------------------------------------------------------------------------------------------------
[norm=zscore] building datasets (vectorized) ...
[norm=zscore] Transformer: building seq tensors ...
   Training Transformer (max_epochs=15, early_stop) ...
    ep 01/15 | train_loss=0.5004 | val_loss=0.4389
    ep 03/15 | train_loss=0.4145 | val_loss=0.4088
    ep 06/15 | train_loss=0.3841 | val_loss=0.3828
    ep 09/15 | train_loss=0.3636 | val_loss=0.3760
    ep 12/15 | train_loss=0.3520 | val_loss=0.3545
    ep 15/15 | train_loss=0.3447 | val_loss=0.3637

====================================================================================================
[seed=46] P=120
====================================================================================================
----------------------------------------------------------------------------------------------------
[norm=raw] building datasets (vectorized) ...
[norm=raw] Transformer: building seq tensors ...
   Training Transformer (max_epochs=15, early_stop) ...
    ep 01/15 | train_loss=0.4943 | val_loss=0.4178
    ep 03/15 | train_loss=0.3909 | val_loss=0.3819
    ep 06/15 | train_loss=0.3556 | val_loss=0.3595
    ep 09/15 | train_loss=0.3450 | val_loss=0.3659
    ep 12/15 | train_loss=0.3243 | val_loss=0.3473
    early stop at ep=13 (best_val=0.3370)
----------------------------------------------------------------------------------------------------
[norm=log1p] building datasets (vectorized) ...
[norm=log1p] Transformer: building seq tensors ...
   Training Transformer (max_epochs=15, early_stop) ...
    ep 01/15 | train_loss=0.5532 | val_loss=0.4300
    ep 03/15 | train_loss=0.3926 | val_loss=0.3847
    ep 06/15 | train_loss=0.3625 | val_loss=0.3683
    ep 09/15 | train_loss=0.3513 | val_loss=0.3583
    ep 12/15 | train_loss=0.3350 | val_loss=0.3491
    ep 15/15 | train_loss=0.3320 | val_loss=0.3394
----------------------------------------------------------------------------------------------------
[norm=zscore] building datasets (vectorized) ...
[norm=zscore] Transformer: building seq tensors ...
   Training Transformer (max_epochs=15, early_stop) ...
    ep 01/15 | train_loss=0.4772 | val_loss=0.4195
    ep 03/15 | train_loss=0.4005 | val_loss=0.3936
    ep 06/15 | train_loss=0.3633 | val_loss=0.3721
    ep 09/15 | train_loss=0.3478 | val_loss=0.3817
    ep 12/15 | train_loss=0.3338 | val_loss=0.3491
    ep 15/15 | train_loss=0.3254 | val_loss=0.3397

====================================================================================================
[seed=46] P=130
====================================================================================================
----------------------------------------------------------------------------------------------------
[norm=raw] building datasets (vectorized) ...
[norm=raw] Transformer: building seq tensors ...
   Training Transformer (max_epochs=15, early_stop) ...
    ep 01/15 | train_loss=0.4740 | val_loss=0.4059
    ep 03/15 | train_loss=0.3760 | val_loss=0.3729
    ep 06/15 | train_loss=0.3435 | val_loss=0.3449
    ep 09/15 | train_loss=0.3281 | val_loss=0.3443
    ep 12/15 | train_loss=0.3176 | val_loss=0.3412
    ep 15/15 | train_loss=0.3127 | val_loss=0.3386
----------------------------------------------------------------------------------------------------
[norm=log1p] building datasets (vectorized) ...
[norm=log1p] Transformer: building seq tensors ...
   Training Transformer (max_epochs=15, early_stop) ...
    ep 01/15 | train_loss=0.5166 | val_loss=0.4079
    ep 03/15 | train_loss=0.3707 | val_loss=0.3659
    ep 06/15 | train_loss=0.3411 | val_loss=0.3557
    ep 09/15 | train_loss=0.3289 | val_loss=0.3383
    ep 12/15 | train_loss=0.3232 | val_loss=0.3437
    ep 15/15 | train_loss=0.3145 | val_loss=0.3301
----------------------------------------------------------------------------------------------------
[norm=zscore] building datasets (vectorized) ...
[norm=zscore] Transformer: building seq tensors ...
   Training Transformer (max_epochs=15, early_stop) ...
    ep 01/15 | train_loss=0.4647 | val_loss=0.4201
    ep 03/15 | train_loss=0.3872 | val_loss=0.3887
    ep 06/15 | train_loss=0.3520 | val_loss=0.3555
    ep 09/15 | train_loss=0.3362 | val_loss=0.3456
    ep 12/15 | train_loss=0.3240 | val_loss=0.3496
    ep 15/15 | train_loss=0.3205 | val_loss=0.3389

====================================================================================================
[seed=46] P=140
====================================================================================================
----------------------------------------------------------------------------------------------------
[norm=raw] building datasets (vectorized) ...
[norm=raw] Transformer: building seq tensors ...
   Training Transformer (max_epochs=15, early_stop) ...
    ep 01/15 | train_loss=0.4696 | val_loss=0.3924
    ep 03/15 | train_loss=0.3515 | val_loss=0.3691
    ep 06/15 | train_loss=0.3211 | val_loss=0.3314
    ep 09/15 | train_loss=0.3121 | val_loss=0.3284
    ep 12/15 | train_loss=0.2936 | val_loss=0.3217
    ep 15/15 | train_loss=0.2855 | val_loss=0.3155
----------------------------------------------------------------------------------------------------
[norm=log1p] building datasets (vectorized) ...
[norm=log1p] Transformer: building seq tensors ...
   Training Transformer (max_epochs=15, early_stop) ...
    ep 01/15 | train_loss=0.5463 | val_loss=0.4123
    ep 03/15 | train_loss=0.3550 | val_loss=0.3605
    ep 06/15 | train_loss=0.3274 | val_loss=0.3309
    ep 09/15 | train_loss=0.3164 | val_loss=0.3246
    ep 12/15 | train_loss=0.3035 | val_loss=0.3277
    early stop at ep=12 (best_val=0.3246)
----------------------------------------------------------------------------------------------------
[norm=zscore] building datasets (vectorized) ...
[norm=zscore] Transformer: building seq tensors ...
   Training Transformer (max_epochs=15, early_stop) ...
    ep 01/15 | train_loss=0.4624 | val_loss=0.4007
    ep 03/15 | train_loss=0.3611 | val_loss=0.3601
    ep 06/15 | train_loss=0.3290 | val_loss=0.3298
    ep 09/15 | train_loss=0.3181 | val_loss=0.3243
    ep 12/15 | train_loss=0.2985 | val_loss=0.3398
    ep 15/15 | train_loss=0.2884 | val_loss=0.3226

====================================================================================================
[seed=46] P=150
====================================================================================================
----------------------------------------------------------------------------------------------------
[norm=raw] building datasets (vectorized) ...
[norm=raw] Transformer: building seq tensors ...
   Training Transformer (max_epochs=15, early_stop) ...
    ep 01/15 | train_loss=0.4744 | val_loss=0.4099
    ep 03/15 | train_loss=0.3543 | val_loss=0.3524
    ep 06/15 | train_loss=0.3189 | val_loss=0.3366
    ep 09/15 | train_loss=0.2987 | val_loss=0.3084
    ep 12/15 | train_loss=0.2891 | val_loss=0.2973
    ep 15/15 | train_loss=0.2716 | val_loss=0.2987
    early stop at ep=15 (best_val=0.2973)
----------------------------------------------------------------------------------------------------
[norm=log1p] building datasets (vectorized) ...
[norm=log1p] Transformer: building seq tensors ...
   Training Transformer (max_epochs=15, early_stop) ...
    ep 01/15 | train_loss=0.5512 | val_loss=0.4203
    ep 03/15 | train_loss=0.3510 | val_loss=0.3475
    ep 06/15 | train_loss=0.3136 | val_loss=0.3273
    ep 09/15 | train_loss=0.3000 | val_loss=0.3090
    early stop at ep=11 (best_val=0.3086)
----------------------------------------------------------------------------------------------------
[norm=zscore] building datasets (vectorized) ...
[norm=zscore] Transformer: building seq tensors ...
   Training Transformer (max_epochs=15, early_stop) ...
    ep 01/15 | train_loss=0.4616 | val_loss=0.4069
    ep 03/15 | train_loss=0.3660 | val_loss=0.3590
    ep 06/15 | train_loss=0.3193 | val_loss=0.3392
    ep 09/15 | train_loss=0.3000 | val_loss=0.3131
    ep 12/15 | train_loss=0.2868 | val_loss=0.3242
    early stop at ep=12 (best_val=0.3131)

====================================================================================================
[seed=46] P=200
====================================================================================================
----------------------------------------------------------------------------------------------------
[norm=raw] building datasets (vectorized) ...
[norm=raw] Transformer: building seq tensors ...
   Training Transformer (max_epochs=15, early_stop) ...
    ep 01/15 | train_loss=0.4562 | val_loss=0.3729
    ep 03/15 | train_loss=0.3185 | val_loss=0.3143
    ep 06/15 | train_loss=0.2822 | val_loss=0.2838
    ep 09/15 | train_loss=0.2654 | val_loss=0.3008
    ep 12/15 | train_loss=0.2523 | val_loss=0.2794
    ep 15/15 | train_loss=0.2470 | val_loss=0.2834
----------------------------------------------------------------------------------------------------
[norm=log1p] building datasets (vectorized) ...
[norm=log1p] Transformer: building seq tensors ...
   Training Transformer (max_epochs=15, early_stop) ...
    ep 01/15 | train_loss=0.5194 | val_loss=0.3839
    ep 03/15 | train_loss=0.3145 | val_loss=0.3132
    ep 06/15 | train_loss=0.2789 | val_loss=0.2911
    ep 09/15 | train_loss=0.2656 | val_loss=0.3102
    ep 12/15 | train_loss=0.2564 | val_loss=0.2729
    ep 15/15 | train_loss=0.2476 | val_loss=0.2759
    early stop at ep=15 (best_val=0.2729)
----------------------------------------------------------------------------------------------------
[norm=zscore] building datasets (vectorized) ...
[norm=zscore] Transformer: building seq tensors ...
   Training Transformer (max_epochs=15, early_stop) ...
    ep 01/15 | train_loss=0.4375 | val_loss=0.3937
    ep 03/15 | train_loss=0.3276 | val_loss=0.3142
    ep 06/15 | train_loss=0.2879 | val_loss=0.2908
    ep 09/15 | train_loss=0.2645 | val_loss=0.2895
    ep 12/15 | train_loss=0.2466 | val_loss=0.2700
    ep 15/15 | train_loss=0.2319 | val_loss=0.2641

====================================================================================================
[seed=46] P=300
====================================================================================================
----------------------------------------------------------------------------------------------------
[norm=raw] building datasets (vectorized) ...
[norm=raw] Transformer: building seq tensors ...
   Training Transformer (max_epochs=15, early_stop) ...
    ep 01/15 | train_loss=0.4121 | val_loss=0.3573
    ep 03/15 | train_loss=0.2652 | val_loss=0.2919
    ep 06/15 | train_loss=0.2235 | val_loss=0.2576
    ep 09/15 | train_loss=0.2012 | val_loss=0.2644
    early stop at ep=10 (best_val=0.2494)
----------------------------------------------------------------------------------------------------
[norm=log1p] building datasets (vectorized) ...
[norm=log1p] Transformer: building seq tensors ...
   Training Transformer (max_epochs=15, early_stop) ...
    ep 01/15 | train_loss=0.4953 | val_loss=0.3567
    ep 03/15 | train_loss=0.2599 | val_loss=0.2857
    ep 06/15 | train_loss=0.2215 | val_loss=0.2712
    ep 09/15 | train_loss=0.2005 | val_loss=0.2674
    ep 12/15 | train_loss=0.1943 | val_loss=0.2351
    ep 15/15 | train_loss=0.1870 | val_loss=0.2246
----------------------------------------------------------------------------------------------------
[norm=zscore] building datasets (vectorized) ...
[norm=zscore] Transformer: building seq tensors ...
   Training Transformer (max_epochs=15, early_stop) ...
    ep 01/15 | train_loss=0.3982 | val_loss=0.3436
    ep 03/15 | train_loss=0.2802 | val_loss=0.2798
    ep 06/15 | train_loss=0.2425 | val_loss=0.2561
    ep 09/15 | train_loss=0.2172 | val_loss=0.2739
    ep 12/15 | train_loss=0.2027 | val_loss=0.2443
    ep 15/15 | train_loss=0.1953 | val_loss=0.2291

====================================================================================================
[seed=46] P=400
====================================================================================================
----------------------------------------------------------------------------------------------------
[norm=raw] building datasets (vectorized) ...
[norm=raw] Transformer: building seq tensors ...
   Training Transformer (max_epochs=15, early_stop) ...
    ep 01/15 | train_loss=0.4046 | val_loss=0.3155
    ep 03/15 | train_loss=0.2373 | val_loss=0.2430
    ep 06/15 | train_loss=0.1909 | val_loss=0.2152
    ep 09/15 | train_loss=0.1653 | val_loss=0.2160
    ep 12/15 | train_loss=0.1519 | val_loss=0.1802
    ep 15/15 | train_loss=0.1461 | val_loss=0.1831
----------------------------------------------------------------------------------------------------
[norm=log1p] building datasets (vectorized) ...
[norm=log1p] Transformer: building seq tensors ...
   Training Transformer (max_epochs=15, early_stop) ...
    ep 01/15 | train_loss=0.4913 | val_loss=0.2983
    ep 03/15 | train_loss=0.2306 | val_loss=0.2347
    ep 06/15 | train_loss=0.1807 | val_loss=0.2049
    ep 09/15 | train_loss=0.1606 | val_loss=0.2060
    ep 12/15 | train_loss=0.1512 | val_loss=0.1857
    ep 15/15 | train_loss=0.1425 | val_loss=0.1914
----------------------------------------------------------------------------------------------------
[norm=zscore] building datasets (vectorized) ...
[norm=zscore] Transformer: building seq tensors ...
   Training Transformer (max_epochs=15, early_stop) ...
    ep 01/15 | train_loss=0.3770 | val_loss=0.2892
    ep 03/15 | train_loss=0.2469 | val_loss=0.2446
    ep 06/15 | train_loss=0.1953 | val_loss=0.2111
    ep 09/15 | train_loss=0.1706 | val_loss=0.2099
    ep 12/15 | train_loss=0.1553 | val_loss=0.1798
    ep 15/15 | train_loss=0.1497 | val_loss=0.1701

====================================================================================================
[seed=46] P=500
====================================================================================================
----------------------------------------------------------------------------------------------------
[norm=raw] building datasets (vectorized) ...
[norm=raw] Transformer: building seq tensors ...
   Training Transformer (max_epochs=18, early_stop) ...
    ep 01/18 | train_loss=0.3766 | val_loss=0.2951
    ep 03/18 | train_loss=0.1999 | val_loss=0.2081
    ep 06/18 | train_loss=0.1579 | val_loss=0.1934
    ep 09/18 | train_loss=0.1379 | val_loss=0.1716
    ep 12/18 | train_loss=0.1235 | val_loss=0.1729
    early stop at ep=13 (best_val=0.1628)
----------------------------------------------------------------------------------------------------
[norm=log1p] building datasets (vectorized) ...
[norm=log1p] Transformer: building seq tensors ...
   Training Transformer (max_epochs=18, early_stop) ...
    ep 01/18 | train_loss=0.4419 | val_loss=0.2859
    ep 03/18 | train_loss=0.2034 | val_loss=0.2404
    ep 06/18 | train_loss=0.1516 | val_loss=0.1973
    ep 09/18 | train_loss=0.1351 | val_loss=0.1735
    ep 12/18 | train_loss=0.1191 | val_loss=0.1778
    early stop at ep=13 (best_val=0.1653)
----------------------------------------------------------------------------------------------------
[norm=zscore] building datasets (vectorized) ...
[norm=zscore] Transformer: building seq tensors ...
   Training Transformer (max_epochs=18, early_stop) ...
    ep 01/18 | train_loss=0.3651 | val_loss=0.2752
    ep 03/18 | train_loss=0.2155 | val_loss=0.2296
    ep 06/18 | train_loss=0.1750 | val_loss=0.1957
    ep 09/18 | train_loss=0.1511 | val_loss=0.1987
    ep 12/18 | train_loss=0.1339 | val_loss=0.1847
    ep 15/18 | train_loss=0.1252 | val_loss=0.1602
    ep 18/18 | train_loss=0.1138 | val_loss=0.1594

====================================================================================================
[seed=46] P=600
====================================================================================================
----------------------------------------------------------------------------------------------------
[norm=raw] building datasets (vectorized) ...
[norm=raw] Transformer: building seq tensors ...
   Training Transformer (max_epochs=20, early_stop) ...
    ep 01/20 | train_loss=0.3540 | val_loss=0.2527
    ep 03/20 | train_loss=0.1750 | val_loss=0.1818
    ep 06/20 | train_loss=0.1362 | val_loss=0.1584
    ep 09/20 | train_loss=0.1070 | val_loss=0.1433
    ep 12/20 | train_loss=0.0987 | val_loss=0.1458
    ep 15/20 | train_loss=0.0811 | val_loss=0.1320
    early stop at ep=17 (best_val=0.1284)
----------------------------------------------------------------------------------------------------
[norm=log1p] building datasets (vectorized) ...
[norm=log1p] Transformer: building seq tensors ...
   Training Transformer (max_epochs=20, early_stop) ...
    ep 01/20 | train_loss=0.4468 | val_loss=0.2699
    ep 03/20 | train_loss=0.1887 | val_loss=0.2083
    ep 06/20 | train_loss=0.1366 | val_loss=0.1614
    ep 09/20 | train_loss=0.1172 | val_loss=0.1448
    ep 12/20 | train_loss=0.1044 | val_loss=0.1322
    ep 15/20 | train_loss=0.0877 | val_loss=0.1435
    early stop at ep=15 (best_val=0.1322)
----------------------------------------------------------------------------------------------------
[norm=zscore] building datasets (vectorized) ...
[norm=zscore] Transformer: building seq tensors ...
   Training Transformer (max_epochs=20, early_stop) ...
    ep 01/20 | train_loss=0.3410 | val_loss=0.2417
    ep 03/20 | train_loss=0.1972 | val_loss=0.2330
    ep 06/20 | train_loss=0.1530 | val_loss=0.1820
    early stop at ep=8 (best_val=0.1697)

[5/5] seed done.

==============================================================================================================
[SAVE] results/nonlinear_neural_verification_rerun_full/results_neural_per_seed.csv
==============================================================================================================

==============================================================================================================
FINAL SUMMARY (mean ± std over seeds)
==============================================================================================================
  P | Norm    | Model        |           ID Acc |          OOD Acc |          OOD AUROC | n
--------------------------------------------------------------------------------------------------------------
 10 | log1p   | DecisionTree |  0.5812 ± 0.0036 |  0.5364 ± 0.0087 |   0.5037 ±  0.0119 | 5
 10 | log1p   | MLP          |  0.5790 ± 0.0067 |  0.5362 ± 0.0111 |   0.5531 ±  0.0629 | 5
 10 | log1p   | RandomForest |  0.5826 ± 0.0034 |  0.5364 ± 0.0088 |   0.5216 ±  0.0440 | 5
 10 | log1p   | Transformer  |  0.5790 ± 0.0056 |  0.5400 ± 0.0084 |   0.4972 ±  0.0453 | 5
 10 | raw     | DecisionTree |  0.5813 ± 0.0035 |  0.5364 ± 0.0087 |   0.5038 ±  0.0119 | 5
 10 | raw     | MLP          |  0.5798 ± 0.0071 |  0.5370 ± 0.0092 |   0.5442 ±  0.0452 | 5
 10 | raw     | RandomForest |  0.5828 ± 0.0032 |  0.5364 ± 0.0088 |   0.5032 ±  0.0609 | 5
 10 | raw     | Transformer  |  0.5784 ± 0.0045 |  0.5354 ± 0.0130 |   0.4862 ±  0.0158 | 5
 10 | zscore  | DecisionTree |  0.5813 ± 0.0036 |  0.5364 ± 0.0087 |   0.5037 ±  0.0120 | 5
 10 | zscore  | MLP          |  0.5810 ± 0.0053 |  0.5350 ± 0.0081 |   0.5408 ±  0.0455 | 5
 10 | zscore  | RandomForest |  0.5826 ± 0.0035 |  0.5364 ± 0.0088 |   0.4656 ±  0.0566 | 5
 10 | zscore  | Transformer  |  0.5790 ± 0.0077 |  0.5338 ± 0.0154 |   0.5338 ±  0.0475 | 5
 20 | log1p   | DecisionTree |  0.6282 ± 0.0066 |  0.5719 ± 0.0073 |   0.5534 ±  0.0161 | 5
 20 | log1p   | MLP          |  0.6396 ± 0.0048 |  0.5730 ± 0.0078 |   0.5619 ±  0.0092 | 5
 20 | log1p   | RandomForest |  0.6369 ± 0.0047 |  0.5739 ± 0.0054 |   0.5491 ±  0.0143 | 5
 20 | log1p   | Transformer  |  0.6232 ± 0.0064 |  0.5676 ± 0.0180 |   0.5024 ±  0.0134 | 5
 20 | raw     | DecisionTree |  0.6281 ± 0.0063 |  0.5705 ± 0.0076 |   0.5551 ±  0.0169 | 5
 20 | raw     | MLP          |  0.6387 ± 0.0058 |  0.5740 ± 0.0071 |   0.5665 ±  0.0107 | 5
 20 | raw     | RandomForest |  0.6366 ± 0.0042 |  0.5739 ± 0.0054 |   0.5477 ±  0.0125 | 5
 20 | raw     | Transformer  |  0.6319 ± 0.0085 |  0.5789 ± 0.0103 |   0.4967 ±  0.0157 | 5
 20 | zscore  | DecisionTree |  0.6283 ± 0.0061 |  0.5710 ± 0.0069 |   0.5519 ±  0.0132 | 5
 20 | zscore  | MLP          |  0.6387 ± 0.0011 |  0.5750 ± 0.0083 |   0.5563 ±  0.0136 | 5
 20 | zscore  | RandomForest |  0.6368 ± 0.0050 |  0.5739 ± 0.0054 |   0.5475 ±  0.0082 | 5
 20 | zscore  | Transformer  |  0.6264 ± 0.0084 |  0.5667 ± 0.0097 |   0.5043 ±  0.0318 | 5
 30 | log1p   | DecisionTree |  0.6557 ± 0.0089 |  0.5842 ± 0.0053 |   0.5975 ±  0.0119 | 5
 30 | log1p   | MLP          |  0.6897 ± 0.0040 |  0.5833 ± 0.0037 |   0.6324 ±  0.0104 | 5
 30 | log1p   | RandomForest |  0.6739 ± 0.0081 |  0.6001 ± 0.0059 |   0.5334 ±  0.0219 | 5
 30 | log1p   | Transformer  |  0.6631 ± 0.0154 |  0.5615 ± 0.0132 |   0.6042 ±  0.0611 | 5
 30 | raw     | DecisionTree |  0.6559 ± 0.0098 |  0.5855 ± 0.0055 |   0.5928 ±  0.0120 | 5
 30 | raw     | MLP          |  0.6882 ± 0.0026 |  0.5830 ± 0.0049 |   0.6303 ±  0.0236 | 5
 30 | raw     | RandomForest |  0.6729 ± 0.0084 |  0.5992 ± 0.0060 |   0.5321 ±  0.0214 | 5
 30 | raw     | Transformer  |  0.6653 ± 0.0084 |  0.5624 ± 0.0086 |   0.5962 ±  0.0291 | 5
 30 | zscore  | DecisionTree |  0.6549 ± 0.0090 |  0.5850 ± 0.0037 |   0.5935 ±  0.0162 | 5
 30 | zscore  | MLP          |  0.6849 ± 0.0068 |  0.5869 ± 0.0048 |   0.6441 ±  0.0200 | 5
 30 | zscore  | RandomForest |  0.6731 ± 0.0086 |  0.6004 ± 0.0062 |   0.5333 ±  0.0210 | 5
 30 | zscore  | Transformer  |  0.6692 ± 0.0119 |  0.5776 ± 0.0134 |   0.5962 ±  0.0155 | 5
 40 | log1p   | DecisionTree |  0.6655 ± 0.0047 |  0.5970 ± 0.0056 |   0.5967 ±  0.0153 | 5
 40 | log1p   | MLP          |  0.7174 ± 0.0087 |  0.6113 ± 0.0061 |   0.6551 ±  0.0140 | 5
 40 | log1p   | RandomForest |  0.6974 ± 0.0038 |  0.6228 ± 0.0016 |   0.5477 ±  0.0071 | 5
 40 | log1p   | Transformer  |  0.6901 ± 0.0026 |  0.5786 ± 0.0058 |   0.6201 ±  0.0184 | 5
 40 | raw     | DecisionTree |  0.6627 ± 0.0057 |  0.5965 ± 0.0064 |   0.5874 ±  0.0106 | 5
 40 | raw     | MLP          |  0.7192 ± 0.0060 |  0.6109 ± 0.0050 |   0.6414 ±  0.0217 | 5
 40 | raw     | RandomForest |  0.6955 ± 0.0032 |  0.6231 ± 0.0008 |   0.5452 ±  0.0084 | 5
 40 | raw     | Transformer  |  0.6937 ± 0.0026 |  0.5858 ± 0.0052 |   0.5999 ±  0.0373 | 5
 40 | zscore  | DecisionTree |  0.6627 ± 0.0036 |  0.5963 ± 0.0043 |   0.5903 ±  0.0179 | 5
 40 | zscore  | MLP          |  0.7141 ± 0.0025 |  0.6115 ± 0.0078 |   0.6504 ±  0.0152 | 5
 40 | zscore  | RandomForest |  0.6958 ± 0.0032 |  0.6233 ± 0.0014 |   0.5452 ±  0.0076 | 5
 40 | zscore  | Transformer  |  0.6931 ± 0.0058 |  0.5863 ± 0.0065 |   0.5886 ±  0.0319 | 5
 50 | log1p   | DecisionTree |  0.6756 ± 0.0051 |  0.6001 ± 0.0042 |   0.6001 ±  0.0099 | 5
 50 | log1p   | MLP          |  0.7588 ± 0.0032 |  0.6319 ± 0.0026 |   0.6574 ±  0.0121 | 5
 50 | log1p   | RandomForest |  0.7305 ± 0.0045 |  0.6388 ± 0.0027 |   0.5637 ±  0.0074 | 5
 50 | log1p   | Transformer  |  0.7222 ± 0.0089 |  0.5998 ± 0.0157 |   0.6693 ±  0.0232 | 5
 50 | raw     | DecisionTree |  0.6772 ± 0.0045 |  0.5996 ± 0.0078 |   0.5926 ±  0.0078 | 5
 50 | raw     | MLP          |  0.7604 ± 0.0027 |  0.6321 ± 0.0042 |   0.6510 ±  0.0097 | 5
 50 | raw     | RandomForest |  0.7286 ± 0.0046 |  0.6391 ± 0.0038 |   0.5612 ±  0.0083 | 5
 50 | raw     | Transformer  |  0.7216 ± 0.0028 |  0.6012 ± 0.0034 |   0.6498 ±  0.0088 | 5
 50 | zscore  | DecisionTree |  0.6798 ± 0.0035 |  0.6001 ± 0.0068 |   0.5984 ±  0.0104 | 5
 50 | zscore  | MLP          |  0.7559 ± 0.0048 |  0.6314 ± 0.0057 |   0.6631 ±  0.0039 | 5
 50 | zscore  | RandomForest |  0.7294 ± 0.0045 |  0.6370 ± 0.0024 |   0.5627 ±  0.0067 | 5
 50 | zscore  | Transformer  |  0.7221 ± 0.0047 |  0.6009 ± 0.0054 |   0.6522 ±  0.0138 | 5
 60 | log1p   | DecisionTree |  0.6812 ± 0.0047 |  0.6026 ± 0.0035 |   0.6052 ±  0.0106 | 5
 60 | log1p   | MLP          |  0.7809 ± 0.0051 |  0.6482 ± 0.0045 |   0.6591 ±  0.0049 | 5
 60 | log1p   | RandomForest |  0.7455 ± 0.0063 |  0.6443 ± 0.0025 |   0.5644 ±  0.0051 | 5
 60 | log1p   | Transformer  |  0.7345 ± 0.0048 |  0.6126 ± 0.0099 |   0.6860 ±  0.0118 | 5
 60 | raw     | DecisionTree |  0.6830 ± 0.0060 |  0.6014 ± 0.0059 |   0.5985 ±  0.0061 | 5
 60 | raw     | MLP          |  0.7803 ± 0.0055 |  0.6483 ± 0.0042 |   0.6573 ±  0.0045 | 5
 60 | raw     | RandomForest |  0.7440 ± 0.0061 |  0.6454 ± 0.0022 |   0.5611 ±  0.0037 | 5
 60 | raw     | Transformer  |  0.7384 ± 0.0047 |  0.6115 ± 0.0086 |   0.6680 ±  0.0170 | 5
 60 | zscore  | DecisionTree |  0.6857 ± 0.0066 |  0.6036 ± 0.0046 |   0.6000 ±  0.0082 | 5
 60 | zscore  | MLP          |  0.7777 ± 0.0072 |  0.6513 ± 0.0010 |   0.6675 ±  0.0051 | 5
 60 | zscore  | RandomForest |  0.7443 ± 0.0052 |  0.6448 ± 0.0031 |   0.5633 ±  0.0038 | 5
 60 | zscore  | Transformer  |  0.7414 ± 0.0048 |  0.6179 ± 0.0100 |   0.6658 ±  0.0141 | 5
 70 | log1p   | DecisionTree |  0.6973 ± 0.0042 |  0.6122 ± 0.0031 |   0.6048 ±  0.0046 | 5
 70 | log1p   | MLP          |  0.7972 ± 0.0062 |  0.6684 ± 0.0031 |   0.6612 ±  0.0032 | 5
 70 | log1p   | RandomForest |  0.7622 ± 0.0035 |  0.6587 ± 0.0041 |   0.5666 ±  0.0076 | 5
 70 | log1p   | Transformer  |  0.7532 ± 0.0060 |  0.6221 ± 0.0078 |   0.6881 ±  0.0247 | 5
 70 | raw     | DecisionTree |  0.6919 ± 0.0070 |  0.6123 ± 0.0020 |   0.6026 ±  0.0103 | 5
 70 | raw     | MLP          |  0.8013 ± 0.0030 |  0.6693 ± 0.0021 |   0.6577 ±  0.0056 | 5
 70 | raw     | RandomForest |  0.7595 ± 0.0055 |  0.6573 ± 0.0049 |   0.5639 ±  0.0090 | 5
 70 | raw     | Transformer  |  0.7550 ± 0.0068 |  0.6241 ± 0.0079 |   0.6811 ±  0.0151 | 5
 70 | zscore  | DecisionTree |  0.6957 ± 0.0079 |  0.6148 ± 0.0053 |   0.5995 ±  0.0077 | 5
 70 | zscore  | MLP          |  0.7995 ± 0.0014 |  0.6671 ± 0.0039 |   0.6671 ±  0.0059 | 5
 70 | zscore  | RandomForest |  0.7601 ± 0.0038 |  0.6583 ± 0.0041 |   0.5654 ±  0.0075 | 5
 70 | zscore  | Transformer  |  0.7584 ± 0.0027 |  0.6295 ± 0.0088 |   0.6909 ±  0.0075 | 5
 80 | log1p   | DecisionTree |  0.7003 ± 0.0039 |  0.6215 ± 0.0072 |   0.6032 ±  0.0050 | 5
 80 | log1p   | MLP          |  0.8128 ± 0.0051 |  0.6852 ± 0.0062 |   0.6663 ±  0.0039 | 5
 80 | log1p   | RandomForest |  0.7736 ± 0.0044 |  0.6670 ± 0.0036 |   0.5744 ±  0.0090 | 5
 80 | log1p   | Transformer  |  0.7702 ± 0.0072 |  0.6369 ± 0.0050 |   0.6930 ±  0.0103 | 5
 80 | raw     | DecisionTree |  0.6949 ± 0.0055 |  0.6165 ± 0.0038 |   0.5977 ±  0.0052 | 5
 80 | raw     | MLP          |  0.8160 ± 0.0031 |  0.6850 ± 0.0030 |   0.6611 ±  0.0063 | 5
 80 | raw     | RandomForest |  0.7688 ± 0.0056 |  0.6651 ± 0.0026 |   0.5694 ±  0.0087 | 5
 80 | raw     | Transformer  |  0.7712 ± 0.0063 |  0.6365 ± 0.0085 |   0.7013 ±  0.0182 | 5
 80 | zscore  | DecisionTree |  0.6963 ± 0.0088 |  0.6184 ± 0.0052 |   0.6002 ±  0.0021 | 5
 80 | zscore  | MLP          |  0.8120 ± 0.0058 |  0.6865 ± 0.0044 |   0.6712 ±  0.0056 | 5
 80 | zscore  | RandomForest |  0.7705 ± 0.0055 |  0.6693 ± 0.0022 |   0.5699 ±  0.0079 | 5
 80 | zscore  | Transformer  |  0.7749 ± 0.0057 |  0.6359 ± 0.0061 |   0.7091 ±  0.0265 | 5
 90 | log1p   | DecisionTree |  0.7079 ± 0.0040 |  0.6176 ± 0.0103 |   0.6007 ±  0.0067 | 5
 90 | log1p   | MLP          |  0.8299 ± 0.0024 |  0.6967 ± 0.0022 |   0.6713 ±  0.0047 | 5
 90 | log1p   | RandomForest |  0.7878 ± 0.0034 |  0.6736 ± 0.0042 |   0.5776 ±  0.0094 | 5
 90 | log1p   | Transformer  |  0.7858 ± 0.0035 |  0.6462 ± 0.0031 |   0.7053 ±  0.0208 | 5
 90 | raw     | DecisionTree |  0.7005 ± 0.0035 |  0.6163 ± 0.0032 |   0.5951 ±  0.0080 | 5
 90 | raw     | MLP          |  0.8286 ± 0.0024 |  0.6957 ± 0.0038 |   0.6707 ±  0.0054 | 5
 90 | raw     | RandomForest |  0.7836 ± 0.0054 |  0.6733 ± 0.0044 |   0.5727 ±  0.0092 | 5
 90 | raw     | Transformer  |  0.7831 ± 0.0051 |  0.6511 ± 0.0057 |   0.7071 ±  0.0133 | 5
 90 | zscore  | DecisionTree |  0.7029 ± 0.0063 |  0.6175 ± 0.0042 |   0.5915 ±  0.0090 | 5
 90 | zscore  | MLP          |  0.8294 ± 0.0043 |  0.6960 ± 0.0033 |   0.6805 ±  0.0053 | 5
 90 | zscore  | RandomForest |  0.7852 ± 0.0053 |  0.6739 ± 0.0040 |   0.5737 ±  0.0096 | 5
 90 | zscore  | Transformer  |  0.7843 ± 0.0034 |  0.6503 ± 0.0072 |   0.7066 ±  0.0238 | 5
100 | log1p   | DecisionTree |  0.7091 ± 0.0036 |  0.6208 ± 0.0057 |   0.5929 ±  0.0038 | 5
100 | log1p   | MLP          |  0.8389 ± 0.0046 |  0.7072 ± 0.0069 |   0.6761 ±  0.0046 | 5
100 | log1p   | RandomForest |  0.7960 ± 0.0045 |  0.6775 ± 0.0032 |   0.5825 ±  0.0068 | 5
100 | log1p   | Transformer  |  0.7988 ± 0.0069 |  0.6565 ± 0.0130 |   0.7046 ±  0.0119 | 5
100 | raw     | DecisionTree |  0.7027 ± 0.0109 |  0.6246 ± 0.0047 |   0.5884 ±  0.0081 | 5
100 | raw     | MLP          |  0.8450 ± 0.0056 |  0.7120 ± 0.0065 |   0.6789 ±  0.0051 | 5
100 | raw     | RandomForest |  0.7914 ± 0.0061 |  0.6782 ± 0.0039 |   0.5764 ±  0.0084 | 5
100 | raw     | Transformer  |  0.8058 ± 0.0060 |  0.6597 ± 0.0084 |   0.7249 ±  0.0164 | 5
100 | zscore  | DecisionTree |  0.7072 ± 0.0076 |  0.6203 ± 0.0034 |   0.5906 ±  0.0061 | 5
100 | zscore  | MLP          |  0.8401 ± 0.0043 |  0.7115 ± 0.0064 |   0.6823 ±  0.0036 | 5
100 | zscore  | RandomForest |  0.7926 ± 0.0034 |  0.6790 ± 0.0050 |   0.5776 ±  0.0054 | 5
100 | zscore  | Transformer  |  0.8010 ± 0.0096 |  0.6550 ± 0.0193 |   0.7226 ±  0.0299 | 5
110 | log1p   | DecisionTree |  0.7117 ± 0.0062 |  0.6236 ± 0.0076 |   0.5997 ±  0.0089 | 5
110 | log1p   | MLP          |  0.8532 ± 0.0008 |  0.7232 ± 0.0040 |   0.6845 ±  0.0011 | 5
110 | log1p   | RandomForest |  0.8003 ± 0.0048 |  0.6804 ± 0.0058 |   0.5815 ±  0.0089 | 5
110 | log1p   | Transformer  |  0.8113 ± 0.0081 |  0.6606 ± 0.0122 |   0.7151 ±  0.0167 | 5
110 | raw     | DecisionTree |  0.7061 ± 0.0096 |  0.6182 ± 0.0052 |   0.5919 ±  0.0102 | 5
110 | raw     | MLP          |  0.8522 ± 0.0036 |  0.7194 ± 0.0035 |   0.6789 ±  0.0050 | 5
110 | raw     | RandomForest |  0.7965 ± 0.0066 |  0.6799 ± 0.0019 |   0.5740 ±  0.0094 | 5
110 | raw     | Transformer  |  0.8128 ± 0.0058 |  0.6731 ± 0.0030 |   0.7251 ±  0.0190 | 5
110 | zscore  | DecisionTree |  0.7050 ± 0.0042 |  0.6213 ± 0.0044 |   0.5954 ±  0.0110 | 5
110 | zscore  | MLP          |  0.8472 ± 0.0038 |  0.7154 ± 0.0045 |   0.6879 ±  0.0056 | 5
110 | zscore  | RandomForest |  0.7985 ± 0.0052 |  0.6826 ± 0.0053 |   0.5779 ±  0.0089 | 5
110 | zscore  | Transformer  |  0.8040 ± 0.0091 |  0.6633 ± 0.0058 |   0.7223 ±  0.0262 | 5
120 | log1p   | DecisionTree |  0.7082 ± 0.0094 |  0.6256 ± 0.0049 |   0.5953 ±  0.0079 | 5
120 | log1p   | MLP          |  0.8551 ± 0.0051 |  0.7257 ± 0.0052 |   0.6867 ±  0.0038 | 5
120 | log1p   | RandomForest |  0.8054 ± 0.0047 |  0.6869 ± 0.0055 |   0.5837 ±  0.0094 | 5
120 | log1p   | Transformer  |  0.8215 ± 0.0074 |  0.6886 ± 0.0045 |   0.7146 ±  0.0160 | 5
120 | raw     | DecisionTree |  0.7070 ± 0.0107 |  0.6225 ± 0.0050 |   0.5893 ±  0.0040 | 5
120 | raw     | MLP          |  0.8592 ± 0.0047 |  0.7290 ± 0.0041 |   0.6857 ±  0.0063 | 5
120 | raw     | RandomForest |  0.8006 ± 0.0052 |  0.6835 ± 0.0055 |   0.5743 ±  0.0076 | 5
120 | raw     | Transformer  |  0.8225 ± 0.0075 |  0.6799 ± 0.0070 |   0.7257 ±  0.0145 | 5
120 | zscore  | DecisionTree |  0.7094 ± 0.0102 |  0.6227 ± 0.0025 |   0.5932 ±  0.0050 | 5
120 | zscore  | MLP          |  0.8536 ± 0.0039 |  0.7238 ± 0.0047 |   0.6914 ±  0.0034 | 5
120 | zscore  | RandomForest |  0.8015 ± 0.0053 |  0.6853 ± 0.0045 |   0.5785 ±  0.0075 | 5
120 | zscore  | Transformer  |  0.8202 ± 0.0081 |  0.6746 ± 0.0047 |   0.7283 ±  0.0102 | 5
130 | log1p   | DecisionTree |  0.7255 ± 0.0073 |  0.6325 ± 0.0075 |   0.5892 ±  0.0088 | 5
130 | log1p   | MLP          |  0.8692 ± 0.0032 |  0.7390 ± 0.0056 |   0.6909 ±  0.0032 | 5
130 | log1p   | RandomForest |  0.8185 ± 0.0048 |  0.6961 ± 0.0064 |   0.5890 ±  0.0087 | 5
130 | log1p   | Transformer  |  0.8346 ± 0.0052 |  0.6956 ± 0.0061 |   0.7180 ±  0.0276 | 5
130 | raw     | DecisionTree |  0.7272 ± 0.0065 |  0.6346 ± 0.0038 |   0.5945 ±  0.0072 | 5
130 | raw     | MLP          |  0.8728 ± 0.0042 |  0.7400 ± 0.0082 |   0.6935 ±  0.0048 | 5
130 | raw     | RandomForest |  0.8135 ± 0.0053 |  0.6967 ± 0.0071 |   0.5809 ±  0.0094 | 5
130 | raw     | Transformer  |  0.8379 ± 0.0106 |  0.6868 ± 0.0127 |   0.7437 ±  0.0162 | 5
130 | zscore  | DecisionTree |  0.7273 ± 0.0052 |  0.6295 ± 0.0023 |   0.5963 ±  0.0078 | 5
130 | zscore  | MLP          |  0.8686 ± 0.0072 |  0.7350 ± 0.0068 |   0.6984 ±  0.0054 | 5
130 | zscore  | RandomForest |  0.8155 ± 0.0049 |  0.6981 ± 0.0074 |   0.5836 ±  0.0079 | 5
130 | zscore  | Transformer  |  0.8304 ± 0.0128 |  0.6904 ± 0.0149 |   0.7344 ±  0.0087 | 5
140 | log1p   | DecisionTree |  0.7218 ± 0.0110 |  0.6321 ± 0.0073 |   0.5918 ±  0.0065 | 5
140 | log1p   | MLP          |  0.8768 ± 0.0041 |  0.7471 ± 0.0071 |   0.6988 ±  0.0048 | 5
140 | log1p   | RandomForest |  0.8189 ± 0.0038 |  0.7021 ± 0.0070 |   0.5936 ±  0.0081 | 5
140 | log1p   | Transformer  |  0.8432 ± 0.0078 |  0.7041 ± 0.0037 |   0.7385 ±  0.0239 | 5
140 | raw     | DecisionTree |  0.7247 ± 0.0103 |  0.6331 ± 0.0052 |   0.5870 ±  0.0057 | 5
140 | raw     | MLP          |  0.8784 ± 0.0050 |  0.7470 ± 0.0034 |   0.6969 ±  0.0068 | 5
140 | raw     | RandomForest |  0.8173 ± 0.0039 |  0.7003 ± 0.0074 |   0.5858 ±  0.0087 | 5
140 | raw     | Transformer  |  0.8421 ± 0.0067 |  0.6927 ± 0.0192 |   0.7420 ±  0.0202 | 5
140 | zscore  | DecisionTree |  0.7242 ± 0.0069 |  0.6319 ± 0.0028 |   0.5913 ±  0.0043 | 5
140 | zscore  | MLP          |  0.8711 ± 0.0074 |  0.7388 ± 0.0054 |   0.6971 ±  0.0044 | 5
140 | zscore  | RandomForest |  0.8182 ± 0.0054 |  0.7021 ± 0.0075 |   0.5882 ±  0.0074 | 5
140 | zscore  | Transformer  |  0.8429 ± 0.0053 |  0.6944 ± 0.0121 |   0.7534 ±  0.0146 | 5
150 | log1p   | DecisionTree |  0.7362 ± 0.0054 |  0.6457 ± 0.0091 |   0.5881 ±  0.0039 | 5
150 | log1p   | MLP          |  0.8854 ± 0.0053 |  0.7528 ± 0.0070 |   0.7026 ±  0.0066 | 5
150 | log1p   | RandomForest |  0.8247 ± 0.0043 |  0.7107 ± 0.0060 |   0.5956 ±  0.0068 | 5
150 | log1p   | Transformer  |  0.8510 ± 0.0059 |  0.7175 ± 0.0031 |   0.7291 ±  0.0220 | 5
150 | raw     | DecisionTree |  0.7391 ± 0.0058 |  0.6447 ± 0.0099 |   0.5882 ±  0.0083 | 5
150 | raw     | MLP          |  0.8857 ± 0.0063 |  0.7580 ± 0.0054 |   0.6990 ±  0.0020 | 5
150 | raw     | RandomForest |  0.8214 ± 0.0066 |  0.7103 ± 0.0080 |   0.5884 ±  0.0061 | 5
150 | raw     | Transformer  |  0.8547 ± 0.0056 |  0.7047 ± 0.0118 |   0.7480 ±  0.0133 | 5
150 | zscore  | DecisionTree |  0.7343 ± 0.0045 |  0.6462 ± 0.0094 |   0.5969 ±  0.0095 | 5
150 | zscore  | MLP          |  0.8804 ± 0.0043 |  0.7506 ± 0.0037 |   0.7038 ±  0.0068 | 5
150 | zscore  | RandomForest |  0.8229 ± 0.0038 |  0.7095 ± 0.0086 |   0.5892 ±  0.0084 | 5
150 | zscore  | Transformer  |  0.8495 ± 0.0048 |  0.7036 ± 0.0082 |   0.7289 ±  0.0153 | 5
200 | log1p   | DecisionTree |  0.7482 ± 0.0081 |  0.6580 ± 0.0090 |   0.5787 ±  0.0143 | 5
200 | log1p   | MLP          |  0.9052 ± 0.0026 |  0.7859 ± 0.0035 |   0.7130 ±  0.0080 | 5
200 | log1p   | RandomForest |  0.8419 ± 0.0037 |  0.7346 ± 0.0032 |   0.6059 ±  0.0083 | 5
200 | log1p   | Transformer  |  0.8764 ± 0.0043 |  0.7464 ± 0.0075 |   0.7373 ±  0.0035 | 5
200 | raw     | DecisionTree |  0.7446 ± 0.0056 |  0.6555 ± 0.0093 |   0.5805 ±  0.0059 | 5
200 | raw     | MLP          |  0.9079 ± 0.0031 |  0.7870 ± 0.0034 |   0.7141 ±  0.0085 | 5
200 | raw     | RandomForest |  0.8382 ± 0.0057 |  0.7351 ± 0.0039 |   0.5975 ±  0.0079 | 5
200 | raw     | Transformer  |  0.8751 ± 0.0030 |  0.7448 ± 0.0060 |   0.7444 ±  0.0329 | 5
200 | zscore  | DecisionTree |  0.7423 ± 0.0042 |  0.6541 ± 0.0074 |   0.5814 ±  0.0103 | 5
200 | zscore  | MLP          |  0.8964 ± 0.0024 |  0.7748 ± 0.0079 |   0.7134 ±  0.0061 | 5
200 | zscore  | RandomForest |  0.8374 ± 0.0030 |  0.7336 ± 0.0064 |   0.6012 ±  0.0080 | 5
200 | zscore  | Transformer  |  0.8735 ± 0.0037 |  0.7344 ± 0.0079 |   0.7564 ±  0.0185 | 5
300 | log1p   | DecisionTree |  0.7577 ± 0.0058 |  0.6678 ± 0.0016 |   0.5604 ±  0.0126 | 5
300 | log1p   | MLP          |  0.9333 ± 0.0047 |  0.8172 ± 0.0085 |   0.7404 ±  0.0082 | 5
300 | log1p   | RandomForest |  0.8612 ± 0.0041 |  0.7530 ± 0.0039 |   0.6160 ±  0.0085 | 5
300 | log1p   | Transformer  |  0.9108 ± 0.0050 |  0.7981 ± 0.0074 |   0.7332 ±  0.0087 | 5
300 | raw     | DecisionTree |  0.7591 ± 0.0081 |  0.6665 ± 0.0041 |   0.5662 ±  0.0115 | 5
300 | raw     | MLP          |  0.9330 ± 0.0030 |  0.8204 ± 0.0100 |   0.7344 ±  0.0105 | 5
300 | raw     | RandomForest |  0.8590 ± 0.0049 |  0.7539 ± 0.0057 |   0.6068 ±  0.0099 | 5
300 | raw     | Transformer  |  0.9122 ± 0.0069 |  0.7983 ± 0.0072 |   0.7668 ±  0.0198 | 5
300 | zscore  | DecisionTree |  0.7619 ± 0.0055 |  0.6683 ± 0.0071 |   0.5657 ±  0.0134 | 5
300 | zscore  | MLP          |  0.9175 ± 0.0026 |  0.8023 ± 0.0121 |   0.7288 ±  0.0068 | 5
300 | zscore  | RandomForest |  0.8588 ± 0.0039 |  0.7545 ± 0.0044 |   0.6097 ±  0.0076 | 5
300 | zscore  | Transformer  |  0.9054 ± 0.0035 |  0.7828 ± 0.0078 |   0.7495 ±  0.0057 | 5
400 | log1p   | DecisionTree |  0.7687 ± 0.0079 |  0.6861 ± 0.0057 |   0.5411 ±  0.0148 | 5
400 | log1p   | MLP          |  0.9408 ± 0.0037 |  0.8365 ± 0.0035 |   0.7484 ±  0.0075 | 5
400 | log1p   | RandomForest |  0.8705 ± 0.0037 |  0.7748 ± 0.0041 |   0.6210 ±  0.0083 | 5
400 | log1p   | Transformer  |  0.9253 ± 0.0034 |  0.8248 ± 0.0063 |   0.7169 ±  0.0110 | 5
400 | raw     | DecisionTree |  0.7721 ± 0.0061 |  0.6900 ± 0.0074 |   0.5596 ±  0.0117 | 5
400 | raw     | MLP          |  0.9401 ± 0.0031 |  0.8393 ± 0.0018 |   0.7369 ±  0.0133 | 5
400 | raw     | RandomForest |  0.8687 ± 0.0033 |  0.7706 ± 0.0060 |   0.6137 ±  0.0079 | 5
400 | raw     | Transformer  |  0.9284 ± 0.0029 |  0.8254 ± 0.0044 |   0.7381 ±  0.0086 | 5
400 | zscore  | DecisionTree |  0.7741 ± 0.0062 |  0.6900 ± 0.0024 |   0.5510 ±  0.0054 | 5
400 | zscore  | MLP          |  0.9326 ± 0.0020 |  0.8251 ± 0.0047 |   0.7312 ±  0.0055 | 5
400 | zscore  | RandomForest |  0.8682 ± 0.0054 |  0.7719 ± 0.0056 |   0.6159 ±  0.0075 | 5
400 | zscore  | Transformer  |  0.9217 ± 0.0052 |  0.8103 ± 0.0045 |   0.7519 ±  0.0158 | 5
500 | log1p   | DecisionTree |  0.7838 ± 0.0082 |  0.6997 ± 0.0024 |   0.5267 ±  0.0051 | 5
500 | log1p   | MLP          |  0.9467 ± 0.0005 |  0.8473 ± 0.0064 |   0.7570 ±  0.0087 | 5
500 | log1p   | RandomForest |  0.8725 ± 0.0042 |  0.7802 ± 0.0055 |   0.6245 ±  0.0084 | 5
500 | log1p   | Transformer  |  0.9366 ± 0.0035 |  0.8442 ± 0.0049 |   0.7165 ±  0.0054 | 5
500 | raw     | DecisionTree |  0.7859 ± 0.0065 |  0.6996 ± 0.0084 |   0.5420 ±  0.0120 | 5
500 | raw     | MLP          |  0.9503 ± 0.0044 |  0.8529 ± 0.0074 |   0.7424 ±  0.0078 | 5
500 | raw     | RandomForest |  0.8726 ± 0.0031 |  0.7791 ± 0.0038 |   0.6124 ±  0.0073 | 5
500 | raw     | Transformer  |  0.9384 ± 0.0024 |  0.8411 ± 0.0088 |   0.7239 ±  0.0087 | 5
500 | zscore  | DecisionTree |  0.7796 ± 0.0112 |  0.6934 ± 0.0140 |   0.5478 ±  0.0123 | 5
500 | zscore  | MLP          |  0.9347 ± 0.0069 |  0.8253 ± 0.0112 |   0.7395 ±  0.0061 | 5
500 | zscore  | RandomForest |  0.8725 ± 0.0038 |  0.7782 ± 0.0053 |   0.6180 ±  0.0072 | 5
500 | zscore  | Transformer  |  0.9303 ± 0.0095 |  0.8241 ± 0.0075 |   0.7522 ±  0.0352 | 5
600 | log1p   | DecisionTree |  0.7956 ± 0.0043 |  0.7113 ± 0.0045 |   0.5227 ±  0.0085 | 5
600 | log1p   | MLP          |  0.9549 ± 0.0043 |  0.8629 ± 0.0030 |   0.7475 ±  0.0051 | 5
600 | log1p   | RandomForest |  0.8799 ± 0.0034 |  0.7881 ± 0.0022 |   0.6245 ±  0.0053 | 5
600 | log1p   | Transformer  |  0.9424 ± 0.0050 |  0.8570 ± 0.0124 |   0.7028 ±  0.0077 | 5
600 | raw     | DecisionTree |  0.7910 ± 0.0056 |  0.7118 ± 0.0038 |   0.5356 ±  0.0033 | 5
600 | raw     | MLP          |  0.9482 ± 0.0046 |  0.8549 ± 0.0124 |   0.7590 ±  0.0101 | 5
600 | raw     | RandomForest |  0.8793 ± 0.0051 |  0.7875 ± 0.0024 |   0.6157 ±  0.0063 | 5
600 | raw     | Transformer  |  0.9473 ± 0.0018 |  0.8588 ± 0.0043 |   0.7222 ±  0.0155 | 5
600 | zscore  | DecisionTree |  0.7840 ± 0.0061 |  0.7071 ± 0.0068 |   0.5336 ±  0.0084 | 5
600 | zscore  | MLP          |  0.9407 ± 0.0065 |  0.8375 ± 0.0044 |   0.7467 ±  0.0034 | 5
600 | zscore  | RandomForest |  0.8803 ± 0.0027 |  0.7887 ± 0.0043 |   0.6187 ±  0.0055 | 5
600 | zscore  | Transformer  |  0.9370 ± 0.0092 |  0.8410 ± 0.0119 |   0.7315 ±  0.0200 | 5
--------------------------------------------------------------------------------------------------------------
[SAVE] results/nonlinear_neural_verification_rerun_full/results_neural_summary_mean_std.csv

DONE.
